tagname,date,tagorg,rank,tagsuper,tel,loc,rot,wc,tagtask,taghead,tagceo
최태훈,오늘,(광양)EIC기술부,경영지원팀장,Chief PCP,010-2222-1111,서울,A조,휴무,# 3APL,포항제철소장,MYANMAR-POSCO(미얀마)법인장
김성윤,내일,(광양)EIC기술부 계측정비섹션,고문,IP PJT 리더,010-1234-1111,포항,B조,연차,#1 DCNL  (탈탄소둔반),PT.KRAKATAU POSCO 법인장,POSCO ASSAN TST(터키)법인장
김창곤,모레,(광양)EIC기술부 압연계장정비섹션,과장,Junior PCP,010-3321-1234,광양,C조,교육,#1CAL 연속소둔 (BP),인니법인장,POSCO Japan PC(일본)법인장
남수희,어제,(광양)EIC기술부 자동화설비섹션,기사,PCE,010-1234-1234,미국,D조,반차,#1CAL 입측,광양제철소장,POSCO SS VINA(베트남)법인장
임성룡,오늘,(광양)EIC기술부 전기기술섹션,기술이사,PCP,010-6271-4681,터키,A조,출장,#1DNL코타운전,경영지원본부장,POSCO Thainox(태국)법인장
반지혜,내일,(광양)EIC기술부 제어시스템섹션,대리,Senior PCE,010-333-1234,홍콩,B조,파견,#1HCL 세계최고의 전기강판생산,기술투자본부장,POSCO Vietnam Holdings(베트남)대표법인장
황동성,모레,(광양)Fe분말생산섹션,발전운영팀장,Senior PCP,010-3245-6271,호주,C조,육아휴직,#2 HCL,철강생산본부장,POSCO Vietnam Holdings(베트남)부법인장
박상채,어제,(광양)GigaSteel상용화추진반 AHSS양산기술개발PJT팀,설비기술팀장,공장장,010-2347-1234,캐나다,D조,예비군훈련,#2ACL,철강부문장,POSCO-AAPC(알라바마)법인장
정우진,오늘,(광양)GigaSteel상용화추진반 GigaSteel도금솔루션PJT팀,안전보건혁신팀장,국장,010-5672-1324,중경,A조,민방위,#2ACL 업무,철강사업본부장,POSCO-Africa(남아공)법인장
김철우,내일,(광양)GigaSteel상용화추진반 GigaSteel소재품질개선PJT팀,연료화운영팀장,그룹장,010-2378-0987,성도,B조,안식월,#2ACL 업무(소둔직),가치경영센터장,POSCO-America(미국)대표법인장
이찬일,모레,(광양)GigaSteel상용화추진반 고Mn강양산기술개발PJT팀,주무,대표법인장,010-6723-1908,장흥도,C조,휴무,#2ACL 품질검사(안전짝궁:이춘우),CEO,POSCO-Asia(홍콩)법인장
정봉수,어제,(광양)GigaSteel상용화추진반(170206-171231),Director,대표이사 회장,010-2345-6789,불산,D조,연차,#2APL,선강담당 부소장,POSCO-Australia(호주)법인장
장정훈,오늘,(광양)SNG사업추진반 SNG조업최적화PJT팀 SNG공장,Staff,리더,010-3457-2395,중국,A조,교육,#2DNL,선재제어냉각PJT팀장,POSCO-Canada(캐나다)법인장
김영우,내일,(광양)SNG사업추진반 SNG조업최적화PJT팀 SNG정비섹션,Driver,반장,010-3578-4516,길림,B조,반차,#2PCM,CSP 조업담당 임원,POSCO-China(중국)대표법인장
이상헌,모레,(광양)SNG사업추진반 SNG조업최적화PJT팀(160501-170930),E2,법무위원,010-2222-1112,심양,C조,출장,#2RH [나의안전짝꿍:김경환선배님],행정담당 부소장,POSCO-China(중국)부법인장
이형배,어제,(광양)SNG사업추진반 안전환경기술섹션,주임,법인장,010-1234-1112,소주,D조,파견,#3 Annealing & Pickling Line,POIST실용화추진반장,POSCO-CSPC(소주)법인장
장만식,오늘,(광양)SNG사업추진반(160501-170930),E3,본부장,010-3321-1235,천진,A조,육아휴직,#3 ZRM 신설팀,주문외제품ValueUp-PJT팀장,POSCO-ESDC(슬로베니아)법인장
김태호,내일,(광양)SmartFactory추진PJT팀(160823-171231),E4,부공장장,010-1234-1235,우후,B조,예비군훈련,#3ACL,자동차소재마케팅실장,POSCO-India(인도)대표법인장
최권석,모레,(광양)기술혁신그룹,과장대우,부리더,010-6271-4682,연태,C조,민방위,#3ACL /나의 안전짝꿍(이성신),HR혁신실장,POSCO-ITPC(이탈리아)법인장
오창호,어제,(광양)기술혁신그룹 PJT지원섹션,E5,부문장,010-333-1235,슬로베니아,D조,안식월,#3ACL 나의안전짝꿍  손호열,정도경영실장,POSCO-Japan(일본)대표법인장
이재성,오늘,(광양)기술혁신그룹 QSS섹션,E6,부법인장,010-3245-6272,자카르타,A조,휴무,#3ACL 조업,법무실 법무위원,POSCO-Maharashtra(인도)법인장
이해경,내일,(광양)기술혁신그룹 혁신허브섹션,차장,부장,010-2347-1235,인도,B조,연차,#3HCL 운전,STS담당 부소장,POSCO-Malaysia(말레이시아)법인장
김거영,모레,(광양)냉연부,G10,부장대우,010-5672-1325,푸네,C조,교육,#BLOOM 주조작업,광양제철소 행정담당 부소장,POSCO-MESDC(멕시코)법인장
박용수,어제,(광양)냉연부 1냉연공장,Manager,비상임고문,010-2378-0988,이탈리아,D조,반차,&quot;Biz Model 구축으로 해외가공센터 경쟁력 강화&quot; 프로젝트수행,HiFAME연구PJT팀장,POSCO-Mexico(멕시코)법인장
하태경,오늘,(광양)냉연부 2냉연공장,G10A,사무소장,010-6723-1909,일본,A조,출장,(1MC기계파트)1MC정정설비,정보기획실장,POSCO-MKPC(쿠알라룸푸르)법인장
장형재,내일,(광양)냉연부 3냉연공장,G10B,사외이사,010-2345-6790,말레이시아,B조,파견,(1코크스 오븐공정) HMI 운전및 설비관리,PT.KRAKATAU POSCO 생산본부장,POSCO-MPPC(멕시코)법인장
김세현,모레,(광양)냉연부 4냉연공장,G11,상임이사,010-3457-2396,멕시코,C조,육아휴직,(2도금 도금2반 주임) 생산/품질/설비관리,글로벌마케팅조정실장,POSCO-PMPC(마닐라)법인장
김상배,어제,(광양)냉연부 냉연기술개발섹션,G12,센터장,010-3578-4517,태국,D조,예비군훈련,(2제강 기중기 파트 / 기중기 2반) 물류 전도사,전기전자마케팅실장,POSCO-PWPC(폴란드)법인장
한은옥,오늘,(광양)냉연부 냉연정비1섹션,G13,실장,010-2222-1113,터키,A조,민방위,(2제강 기중기 파트/기중기 2반)용강기중기 운전,해외사업관리실장,POSCO-RU(러시아)법인장
김영춘,내일,(광양)냉연부 냉연정비2섹션,G7,안전파트장,010-1234-1113,호치민,B조,안식월,(2제강 기중기 파트/기중기1반 용강기중기 운전,신사업실장,POSCO-SouthAsia(태국)대표법인장
박현수,모레,(광양)냉연부 박판제품공장,P1,연구소장,010-3321-1236,베트남,C조,휴무,(2제강 기중기파트/기중기반)용강기중기운전,에너지조선마케팅실장,POSCO-TCS(태국)법인장
하성택,어제,(광양)냉연부 산세공장,P10,연구원장,010-1234-1236,인도네시아,D조,연차,(3CGL파트 도금2반) 검사업무.출측운전,포항연구소장,POSCO-TNPC(터키)법인장
김진대,오늘,(광양)냉연부 조업개선섹션,P2,일반,010-6271-4683,서울,A조,교육,(3용융로파트) 용융로 Tower 및 Utility 설비 정비업무,포항제철소 선강담당 부소장,POSCO-Vietnam(베트남)법인장
이현창,내일,(광양)도금부,P3,자문교수,010-333-1236,포항,B조,반차,(3전강 정정파트) 3HCL 운전,광양제철소 압연담당 부소장,POSCO-VST(베트남)법인장
박동현,모레,(광양)도금부 1도금공장,P5,자문역,010-3245-6273,광양,C조,출장,(3제강기중기파트/ 기중기반 )용강 기중기 운전직,안전생산전략실장,PT. POSCO-Indonesia Inti(인도네시아)대표법인장
김민우,어제,(광양)도금부 2도금공장,P6,제철소부소장,010-2347-1236,미국,D조,파견,(5CGL 도금1반) 중앙운전,열연설비성능혁신PJT팀장,VPS(베트남)법인장
윤용철,오늘,(광양)도금부 3도금공장,P7,제철소장,010-5672-1326,터키,A조,육아휴직,(5CGL 입측운전)알카리 농도관리,광양제철소 설비담당 부소장,광동순덕포항강판유한공사(중국)법인장
김종완,내일,(광양)도금부 4도금공장,P8,주임,010-2378-0989,홍콩,B조,예비군훈련,(5CGL출측) 출측/검사,PosMAZIC연구PJT팀장,광동포항기차판유한공사(중국)법인장
김영진,모레,(광양)도금부 가공공장,P9,주임급,010-6723-1910,호주,C조,민방위,(5CGL파트 도금1반) 입측운전,광양연구소장,장가항포항불수강유한공사(중국)법인장
김영철,어제,(광양)도금부 도금기술개발섹션,PCP,주임대우,010-2345-6791,캐나다,D조,안식월,(6CGL 입측) ACT 농도관리,선재마케팅실장,중경포항중강기차판유한공사(중국)법인장
유기룡,오늘,(광양)도금부 도금정비섹션,Senior,추진단장,010-3457-2397,중경,A조,휴무,(6CGL)전처리 AL농도,광양제철소 SNG사업추진반장,청도포항불수강유한공사(중국)법인장
현성섭,내일,(광양)도금부 조업개선섹션,Supervisor,추진반장,010-3578-4518,성도,B조,연차,(6CGL파트 도금2반) 입측운전,원료2실장,MYANMAR-POSCO(미얀마)법인장
유병선,모레,(광양)발전효율향상PJT팀 발전기술개발섹션,계약직사원,추진반장(기술위원),010-2222-1114,장흥도,C조,교육,(6CGL파트 도금2반)중앙운전,원료1실장,POSCO ASSAN TST(터키)법인장
제준모,어제,(광양)발전효율향상PJT팀 발전섹션,계장,추진반장(연구위원),010-1234-1114,불산,D조,반차,(6CGL파트.도금2반)검사.출측운전,재무실장,POSCO Japan PC(일본)법인장
이승은,오늘,(광양)발전효율향상PJT팀 발전정비섹션,리더,팀장,010-3321-1237,중국,A조,출장,(6cgl파트.도금2반)중앙운전,유럽사무소장,POSCO SS VINA(베트남)법인장
조성규,내일,(광양)발전효율향상PJT팀(160816-181231),매니저,팀장(기술위원),010-1234-1237,길림,B조,파견,(7 CGL파트 CCL 도금2반)출측 검사,PosACT연구PJT팀장,POSCO Thainox(태국)법인장
민경오,모레,(광양)생산기술부,부사장,팀장(마케팅위원),010-6271-4684,심양,C조,육아휴직,(A조)기중기 주임,홍보위원,POSCO Vietnam Holdings(베트남)대표법인장
김인재,어제,(광양)생산기술부 구내운송섹션,부장,팀장(연구위원),010-333-1237,소주,D조,예비군훈련,(CGL/A조)주임/안전짝꿍:이대영,포항제철소 안전설비담당 부소장,POSCO Vietnam Holdings(베트남)부법인장
이강일,오늘,(광양)생산기술부 생산관제섹션,사원,파트장,010-3245-6274,천진,A조,민방위,(D조) 검사파트 STS/ 소재품질검사,엔지니어링솔루션실장,POSCO-AAPC(알라바마)법인장
태기선,내일,(광양)생산기술부 생산기술섹션,상무급,파트장(통합),010-2347-1237,우후,B조,안식월,(D조)용강기중기운전,기술투자본부 기술위원 고로개수PJT팀장,POSCO-Africa(남아공)법인장
정형순,모레,(광양)생산기술부 생산프로세스개선섹션,이사부장,파트장급,010-5672-1327,연태,C조,휴무,(HCGL) 산세 도금직,포항제철소 압연담당 부소장,POSCO-America(미국)대표법인장
손찬호,어제,(광양)생산기술부 제품출하섹션,자문역A,파트장대우,010-2378-0990,슬로베니아,D조,연차,(KP) 원료기계정비 컨설턴트,철강사업전략실장,POSCO-Asia(홍콩)법인장
김명수,오늘,(광양)선강설비그룹,자문역B,홍보위원,010-6723-1911,자카르타,A조,교육,(MCL파트 MCL도금반) 입출측 운전작업,HR경영실장,POSCO-Australia(호주)법인장
장문환,내일,(광양)선강설비그룹 연주기수리섹션,전무,회장보좌역,010-2345-6792,인도,B조,반차,(MCL파트 MCL도금반)제품검사,투자엔지니어링실장,POSCO-Canada(캐나다)법인장
김순화,모레,(광양)선강설비그룹 제강후판섹션,지사장,Chief PCP,010-3457-2398,푸네,C조,출장,(Mg판재) 자동차향 수요개발,철강생산본부 기술위원,POSCO-China(중국)대표법인장
조은진,어제,(광양)선강설비그룹 제선화성섹션,현장실습생,IP PJT 리더,010-3578-4519,이탈리아,D조,파견,(POSCO-Vietnam) 경영지원실,GPS제강PJT팀장,POSCO-China(중국)부법인장
문봉대,오늘,(광양)선강설비그룹 크레인정비섹션,사장,Junior PCP,010-2222-1115,일본,A조,육아휴직,(POSCO-Vietnam) 내수판매부장,용강비정질PJT팀장,POSCO-CSPC(소주)법인장
박미경,내일,(광양)선강설비그룹 환경에너지섹션,상무이사,PCE,010-1234-1115,말레이시아,B조,예비군훈련,(POSCO-Vietnam) 재무부장,고Mn강특화솔루션PJT팀장,POSCO-ESDC(슬로베니아)법인장
황찬호,모레,(광양)설비기술부,총괄업무,PCP,010-3321-1238,멕시코,C조,민방위,(POSCO-Vietnam) 정비부장,ER실장,POSCO-India(인도)대표법인장
송민하,어제,(광양)설비기술부 BS관리섹션,P4,Senior PCE,010-1234-1238,태국,D조,안식월,(PT.KP 파견)크레인 기계정비 총괄,철강사업본부 연구위원,POSCO-ITPC(이탈리아)법인장
김근배,오늘,(광양)설비기술부 공사섹션,P5A,Senior PCP,010-6271-4685,터키,A조,휴무,(Posco-Vietnam) 품질서비스부장 (한국-2hr),GigaSteel상용화추진반장,POSCO-Japan(일본)대표법인장
곽동열,내일,(광양)설비기술부 기계기술섹션,P5B,공장장,010-333-1238,호치민,B조,연차,(R&D지원_강구조시험)시험지원총괄(PR206),기술연구원장,POSCO-Maharashtra(인도)법인장
이신혁,모레,(광양)설비기술부 설비기획섹션,기술위원,국장,010-3245-6275,베트남,C조,교육,(Staff)안전직[연구1동 341호],경영전략실장,POSCO-Malaysia(말레이시아)법인장
손현재,어제,(광양)설비기술부 중앙수리섹션,대리을,그룹장,010-2347-1238,인도네시아,D조,반차,(경남TSC)울산/양산/밀양/동부산 비자동차 제품담당(울산시 신정동),홍보실장,POSCO-MESDC(멕시코)법인장
이시진,오늘,(광양)설비기술부 토건설비섹션,수석,대표법인장,010-5672-1328,서울,A조,출장,(경남TSC)울산/양산/북부산/대구지역 자동차제품 담당 (울산 신정동),철강솔루션마케팅실장,POSCO-Mexico(멕시코)법인장
최정민,내일,(광양)안전방재보건그룹,주무을,대표이사 회장,010-2378-0991,포항,B조,파견,(고로개수PJT팀 파견)고로개수업무,설비자재구매실장,POSCO-MKPC(쿠알라룸푸르)법인장
박홍곤,모레,(광양)안전방재보건그룹 건강증진섹션,외주직,리더,010-6723-1912,광양,C조,육아휴직,(광)1연주공장 1M/C 주조직,국내사업관리실장,POSCO-MPPC(멕시코)법인장
홍상수,어제,(광양)안전방재보건그룹 방재섹션,자문역,반장,010-2345-6793,미국,D조,예비군훈련,(광)1연주공장 조업1파트장,스테인리스마케팅실장,POSCO-PMPC(마닐라)법인장
신현일,오늘,(광양)안전방재보건그룹 안전방재기술섹션,자문위원,법무위원,010-3457-2399,터키,A조,민방위,(광)50/60Kg급 재료설계및 진행관리(동관19층),노무외주실장,POSCO-PWPC(폴란드)법인장
박철수,내일,(광양)안전방재보건그룹 안전섹션,A1,법인장,010-3578-4520,홍콩,B조,안식월,(광)냉연/도금(동관19층),기술경영실장,POSCO-RU(러시아)법인장
송용헌,모레,(광양)안전방재보건그룹 안전시설개선섹션,E1,본부장,010-2222-1116,호주,C조,휴무,(광)수주업무(동관19층),법무실장,POSCO-SouthAsia(태국)대표법인장
왕성현,어제,(광양)압연설비그룹,E7,부공장장,010-1234-1116,캐나다,D조,연차,(광양)연구장치_사양검토/검수/FAT,포항제철소장,POSCO-TCS(태국)법인장
이강륜,오늘,(광양)압연설비그룹 냉연섹션,P11,부리더,010-3321-1239,중경,A조,교육,(광양)제강부 경쟁력 향상,PT.KRAKATAU POSCO 법인장,POSCO-TNPC(터키)법인장
김병호,내일,(광양)압연설비그룹 도금섹션,P12,부문장,010-1234-1239,성도,B조,반차,(광양)후판부 열처리업무,인니법인장,POSCO-Vietnam(베트남)법인장
김호석,모레,(광양)압연설비그룹 열연섹션,P13,부법인장,010-6271-4686,장흥도,C조,출장,(광양구매) 광양구매 및 재활용 총괄,광양제철소장,POSCO-VST(베트남)법인장
서동만,어제,(광양)에너지부,Advisor,부장,010-333-1239,불산,D조,파견,(기계기술.투자),경영지원본부장,PT. POSCO-Indonesia Inti(인도네시아)대표법인장
박성우,오늘,(광양)에너지부 LNG터미널공장,일반,부장대우,010-3245-6276,중국,A조,육아휴직,(기기운전파트/기기운전설비반)슬러지처리실,기술투자본부장,VPS(베트남)법인장
배기진,내일,(광양)에너지부 동력섹션,계약직,비상임고문,010-2347-1239,길림,B조,예비군훈련,(기술 AE108)  HPF200톤 성형 Test,철강생산본부장,광동순덕포항강판유한공사(중국)법인장
황덕호,모레,(광양)에너지부 산소공장,일반직,사무소장,010-5672-1329,심양,C조,민방위,(기술)공사설계,철강부문장,광동포항기차판유한공사(중국)법인장
강동진,어제,(광양)에너지부 에너지기술개발섹션,총괄직,사외이사,010-2378-0992,소주,D조,안식월,(기술)후판관련업무,철강사업본부장,장가항포항불수강유한공사(중국)법인장
이제한,오늘,(광양)에너지부 에너지정비섹션,Sr.Manager,상임이사,010-6723-1913,천진,A조,휴무,(기술개발섹션) 선재 계측기 관리 및 모니터링,가치경영센터장,중경포항중강기차판유한공사(중국)법인장
김진아,내일,(광양)에너지부 전력계통섹션,대리갑,센터장,010-2345-6794,우후,B조,연차,(동관 10층) 지적재산 업무 총괄,CEO,청도포항불수강유한공사(중국)법인장
박재호,모레,(광양)열연부,부총괄직,실장,010-3457-2400,연태,C조,교육,(박판)소재 품질 향상 및 제강성 부적합 개선,선강담당 부소장,MYANMAR-POSCO(미얀마)법인장
강용진,어제,(광양)열연부 1열연공장,사원갑,안전파트장,010-3578-4521,슬로베니아,D조,반차,(산소운전파트/산소운전반)11.12 PLANT 운전,선재제어냉각PJT팀장,POSCO ASSAN TST(터키)법인장
심재수,오늘,(광양)열연부 2열연공장,주무갑,연구소장,010-2222-1117,자카르타,A조,출장,(상주) 연주 통합파트 총괄,CSP 조업담당 임원,POSCO Japan PC(일본)법인장
정용화,내일,(광양)열연부 3열연공장,PJT일반직,연구원장,010-1234-1117,인도,B조,파견,(설비반) PCI 설비관리,행정담당 부소장,POSCO SS VINA(베트남)법인장
김경철,모레,(광양)열연부 4열연공장,과장급,일반,010-3321-1240,푸네,C조,육아휴직,(설비진단 파트) 설비진단 및 기술 총괄(안전짝꿍:이상우파트장),POIST실용화추진반장,POSCO Thainox(태국)법인장
권두현,어제,(광양)열연부 CEM공장,기타비상무이사,자문교수,010-1234-1240,이탈리아,D조,예비군훈련,(성형시험) 3D CAD modeling [연구2동 524],주문외제품ValueUp-PJT팀장,POSCO Vietnam Holdings(베트남)대표법인장
김동국,오늘,(광양)열연부 CEM정비섹션,대리급,자문역,010-6271-4687,일본,A조,민방위,(소둔파트/ 연속 소둔반) 입측 담당,자동차소재마케팅실장,POSCO Vietnam Holdings(베트남)부법인장
최영호,내일,(광양)열연부 공정제어모델섹션,부장급,제철소부소장,010-333-1240,말레이시아,B조,안식월,(수질관리 파트)배열회수 수질관리반,HR혁신실장,POSCO-AAPC(알라바마)법인장
김성주,모레,(광양)열연부 열연기술개발섹션,사원급,제철소장,010-3245-6277,멕시코,C조,휴무,(압연/수처리) 수처리 유실 Utility 설비 관리,정도경영실장,POSCO-Africa(남아공)법인장
박은향,어제,(광양)열연부 열연정비1섹션,상무보대우,주임,010-2347-1240,태국,D조,연차,(압연파트 압연반) 압연주임,법무실 법무위원,POSCO-America(미국)대표법인장
김협우,오늘,(광양)열연부 열연정비2섹션,연봉계약직,주임급,010-5672-1330,터키,A조,교육,(압연파트/가열반)가열로 관련,STS담당 부소장,POSCO-Asia(홍콩)법인장
박명현,내일,(광양)열연부 조업개선섹션,임시직,주임대우,010-2378-0993,호치민,B조,반차,(압연파트/압연반) STS 냉연직,광양제철소 행정담당 부소장,POSCO-Australia(호주)법인장
이도현,모레,(광양)예비군연대,임원급,추진단장,010-6723-1914,베트남,C조,출장,(압연파트/압연반) 냉간압연직 수행,HiFAME연구PJT팀장,POSCO-Canada(캐나다)법인장
이지붕,어제,(광양)인사노무그룹,자문역,추진반장,010-2345-6795,인도네시아,D조,파견,(압연파트/압연반)PCM 출측운전(안전짝궁-고경완님),정보기획실장,POSCO-China(중국)대표법인장
홍준용,오늘,(광양)인사노무그룹 노무섹션,차장급,추진반장(기술위원),010-3457-2401,서울,A조,육아휴직,(압연파트/압연반)압연D조 압연 안전짞꿍:윤한빛,PT.KRAKATAU POSCO 생산본부장,POSCO-China(중국)부법인장
홍지훈,내일,(광양)인사노무그룹 노정직무섹션,파견직,추진반장(연구위원),010-3578-4522,포항,B조,예비군훈련,(양소)후판/선재(동관19층),글로벌마케팅조정실장,POSCO-CSPC(소주)법인장
박태환,모레,(광양)인사노무그룹 외주섹션,비상근 이사,팀장,010-2222-1118,광양,C조,민방위,(에너지진단파트/열설비진단반)열설비진단,전기전자마케팅실장,POSCO-ESDC(슬로베니아)법인장
양준성,어제,(광양)인사노무그룹 인사섹션,P1A,팀장(기술위원),010-1234-1118,미국,D조,안식월,(연구) 극후물 절단기술 개발,해외사업관리실장,POSCO-India(인도)대표법인장
서유승,오늘,(광양)제강부,P1B,팀장(마케팅위원),010-3321-1241,터키,A조,휴무,(연구) 후판압연 공정설비 기술개발,신사업실장,POSCO-ITPC(이탈리아)법인장
김승진,내일,(광양)제강부 1연주공장,노조위원장,팀장(연구위원),010-1234-1241,홍콩,B조,연차,(연구)제선/FINEX 원료처리 공정개발,에너지조선마케팅실장,POSCO-Japan(일본)대표법인장
전택술,모레,(광양)제강부 1제강공장,부관리직,파트장,010-6271-4688,호주,C조,교육,(연주파트/설비점검반)  설비점검,포항연구소장,POSCO-Maharashtra(인도)법인장
공찬식,어제,(광양)제강부 2연주공장,비상근연봉계약직,파트장(통합),010-333-1241,캐나다,D조,반차,(연주파트/연주2반)OS2주조직,포항제철소 선강담당 부소장,POSCO-Malaysia(말레이시아)법인장
정연표,오늘,(광양)제강부 2제강공장,비상임고문,파트장급,010-3245-6278,중경,A조,출장,(연주파트/연주반)연속주조,광양제철소 압연담당 부소장,POSCO-MESDC(멕시코)법인장
엄문종,내일,(광양)제강부 노재섹션,선임,파트장대우,010-2347-1241,성도,B조,파견,(용강비정질PJT) 냉각담당업무,안전생산전략실장,POSCO-Mexico(멕시코)법인장
장두찬,모레,(광양)제강부 슬라브정정공장,대표위원,홍보위원,010-5672-1331,장흥도,C조,육아휴직,(용접설비파트) 철구조물제작및용접업무 . 협의회위원,열연설비성능혁신PJT팀장,POSCO-MKPC(쿠알라룸푸르)법인장
장형민,어제,(광양)제강부 연주기술개발섹션,상무,회장보좌역,010-2378-0994,불산,D조,예비군훈련,(운전부문 / 기중기2반) 용강기중기운전,광양제철소 설비담당 부소장,POSCO-MPPC(멕시코)법인장
김채철,오늘,(광양)제강부 연주정비섹션,선임연구원,Chief PCP,010-6723-1915,중국,A조,민방위,(인니)PT.KP오븐 선탄 화성 기계 컨설턴트,PosMAZIC연구PJT팀장,POSCO-PMPC(마닐라)법인장
김경민,내일,(광양)제강부 예비처리공장,수석연구원,IP PJT 리더,010-2345-6796,길림,B조,안식월,(일본 MR) 일본 지역 (도요다/혼다) 고객서비스 활동 및 일본고객사 VOC  접수,광양연구소장,POSCO-PWPC(폴란드)법인장
서양기,모레,(광양)제강부 제강기술개발섹션,위원,Junior PCP,010-3457-2402,심양,C조,휴무,(자문교수) 도금기술지원,선재마케팅실장,POSCO-RU(러시아)법인장
전정현,어제,(광양)제강부 제강정비섹션,책임연구원,PCE,010-3578-4523,소주,D조,연차,(재료시험분석) EBSD XRD 구조분석[연구1동 339],광양제철소 SNG사업추진반장,POSCO-SouthAsia(태국)대표법인장
노호섭,오늘,(광양)제강부 조업개선섹션,자문교수,PCP,010-2222-1119,천진,A조,교육,(재료시험분석) 재료시험분석파트 업무총괄 / KOLAS 평가사[연구1동 339],원료0실장,POSCO-TCS(태국)법인장
최인섭,내일,(광양)제선부,전문컨설턴트,Senior PCE,010-1234-1119,우후,B조,반차,(재료시험분석) 전자기물성분석 [연구1동 P339],원료1실장,POSCO-TNPC(터키)법인장
정연석,모레,(광양)제선부 1제선공장,인턴사원,Senior PCP,010-3321-1242,연태,C조,출장,(정정3파트 정정2반) 4-2RCL 품질검사업무,재무실장,POSCO-Vietnam(베트남)법인장
강경희,어제,(광양)제선부 2제선공장,대표이사,공장장,010-1234-1242,슬로베니아,D조,파견,(정정진행실)정정파트 총괄,유럽사무소장,POSCO-VST(베트남)법인장
차성원,오늘,(광양)제선부 3제선공장,사장,국장,010-6271-4689,자카르타,A조,육아휴직,(정정파트/정정반)CPL&RCL담당/안전짝꿍:최종찬,PosACT연구PJT팀장,PT. POSCO-Indonesia Inti(인도네시아)대표법인장
공영인,내일,(광양)제선부 고로정비섹션,비상무이사,그룹장,010-333-1242,인도,B조,예비군훈련,(제강) STS 제강 연주,홍보위원,VPS(베트남)법인장
김창근,모레,(광양)제선부 기술개발섹션,사외이사,대표법인장,010-3245-6279,푸네,C조,민방위,(제강기계파트) 2RH 기계정비,포항제철소 안전설비담당 부소장,광동순덕포항강판유한공사(중국)법인장
남충호,어제,(광양)제선부 소결공장,팀원,대표이사 회장,010-2347-1242,이탈리아,D조,안식월,(조업2파트 조업2반) 출선업무,엔지니어링솔루션실장,광동포항기차판유한공사(중국)법인장
성원우,오늘,(광양)제선부 원료공장,협력사,리더,010-5672-1332,일본,A조,휴무,(조업2파트/조업2반)조업2주임,기술투자본부 기술위원 고로개수PJT팀장,장가항포항불수강유한공사(중국)법인장
한세호,내일,(광양)제선부 원료기술개발섹션,반원,반장,010-2378-0995,말레이시아,B조,연차,(철도운영2파트/철도2반) 기관차운전(D조),포항제철소 압연담당 부소장,중경포항중강기차판유한공사(중국)법인장
최용림,모레,(광양)제선부 원료소결정비섹션,촉탁직,법무위원,010-6723-1916,멕시코,C조,교육,(파견) 가전/냉연 이용기술 (동관 7층),철강사업전략실장,청도포항불수강유한공사(중국)법인장
전문택,어제,(광양)제선부 조업개선섹션,단장,법인장,010-2345-6797,태국,D조,반차,(파견) 선재압연 공형 설계/해석 (기술연구원 기계설비연구그룹),HR경영실장,MYANMAR-POSCO(미얀마)법인장
서강열,오늘,(광양)제철소근무 광양제철소협의회근무,부단장,본부장,010-3457-2403,터키,A조,출장,(파견) 인니 PT-KP제강,투자엔지니어링실장,POSCO ASSAN TST(터키)법인장
김자환,내일,(광양)제철소부 일반휴직,시니어매니저,부공장장,010-3578-4524,호치민,B조,파견,(파견)FeMn공장 프로세스 개선 PJT (페로망간공장 Vision Center 1층),철강생산본부 기술위원,POSCO Japan PC(일본)법인장
강무선,모레,(광양)품질기술부,주니어매니저,부리더,010-2222-1120,베트남,C조,육아휴직,(파견)FeMn공장 프로세스 개선 PJT (페로망간공장 Vision Center),GPS제강PJT팀장,POSCO SS VINA(베트남)법인장
정민주,어제,(광양)품질기술부 냉연도금품질관리섹션,G1,부문장,010-1234-1120,인도네시아,D조,예비군훈련,(파견)PT.KP 소결전기SV,용강비정질PJT팀장,POSCO Thainox(태국)법인장
차종산,오늘,(광양)품질기술부 도유품질관리PJT팀(160520-171231),G2,부법인장,010-3321-1243,서울,A조,민방위,(파견)[연구]고로 공정기술/수소환원,고Mn강특화솔루션PJT팀장,POSCO Vietnam Holdings(베트남)대표법인장
이군무,내일,(광양)품질기술부 소재품질관리섹션,G3,부장,010-1234-1243,포항,B조,안식월,(파견)인니 PT-KP제강,ER실장,POSCO Vietnam Holdings(베트남)부법인장
권도성,모레,(광양)품질기술부 열연품질관리섹션,G4,부장대우,010-6271-4690,광양,C조,휴무,(파견)후판 재료설계 신모델 개발(동관 18층),철강사업본부 연구위원,POSCO-AAPC(알라바마)법인장
오성은,어제,(광양)품질기술부 재질시험섹션,G6,비상임고문,010-333-1243,미국,D조,연차,(포)선재 수주업무(동관 19층),GigaSteel상용화추진반장,POSCO-Africa(남아공)법인장
이강창,오늘,(광양)품질기술부 품질기술섹션,Associate,사무소장,010-3245-6280,터키,A조,교육,(포)열연(동관19층),기술연구원장,POSCO-America(미국)대표법인장
유성종,내일,(광양)품질기술부 품질시스템섹션,비상임감사,사외이사,010-2347-1243,홍콩,B조,반차,(포)후판 열처리업무 총괄,경영전략실장,POSCO-Asia(홍콩)법인장
조홍익,모레,(광양)품질기술부 화학시험섹션,비상임이사,상임이사,010-5672-1333,호주,C조,출장,(포항)공로출하 및 제품재고관리,홍보실장,POSCO-Australia(호주)법인장
차동길,어제,(광양)품질기술부 후판품질관리섹션,2급,센터장,010-2378-0996,캐나다,D조,파견,(포항TSC)경북/경남/STS&선재제품 고객만족관리,철강솔루션마케팅실장,POSCO-Canada(캐나다)법인장
최윤,오늘,(광양)행정섭외그룹,3급,실장,010-6723-1917,중경,A조,육아휴직,(프로젝트) 철강사업본부 프로젝트/자동차(동관17층),설비자재구매실장,POSCO-China(중국)대표법인장
황병희,내일,(광양)행정섭외그룹 지역협력섹션,4급,안전파트장,010-2345-6798,성도,B조,예비군훈련,1 EGL OJT,국내사업관리실장,POSCO-China(중국)부법인장
정영희,모레,(광양)행정섭외그룹 행정보안섹션,5급,연구소장,010-3457-2404,장흥도,C조,민방위,1.2.3 CPL 설비관리,스테인리스마케팅실장,POSCO-CSPC(소주)법인장
이요구,어제,(광양)행정섭외그룹 홍보섹션,6급,연구원장,010-3578-4525,불산,D조,안식월,1.2소결 조업지원2반,노무외주실장,POSCO-ESDC(슬로베니아)법인장
김우제,오늘,(광양)행정섭외그룹 후생섹션,7급,일반,010-2222-1121,중국,A조,휴무,1.2소결기계파트/정비총괄,기술경영실장,POSCO-India(인도)대표법인장
최대한,내일,(광양)화성부,8급,자문교수,010-1234-1121,길림,B조,연차,1.2소결전기정비,법무실장,POSCO-ITPC(이탈리아)법인장
허군호,모레,(광양)화성부 1코크스공장,강사,자문역,010-3321-1244,심양,C조,교육,1.2정정 야드 및 물류관리,포항제철소장,POSCO-Japan(일본)대표법인장
여정일,어제,(광양)화성부 2코크스공장,교감,제철소부소장,010-1234-1244,소주,D조,반차,1.3전강 자구설비(전기),PT.KRAKATAU POSCO 법인장,POSCO-Maharashtra(인도)법인장
박선민,오늘,(광양)화성부 3코크스공장,교사,제철소장,010-6271-4691,천진,A조,출장,1.3제강/강편/선재관제지시(A조),인니법인장,POSCO-Malaysia(말레이시아)법인장
김아영,내일,(광양)화성부 기술개발섹션,교장,주임,010-333-1244,우후,B조,파견,1.3후판 전기,광양제철소장,POSCO-MESDC(멕시코)법인장
김평래,모레,(광양)화성부 조업개선섹션,RA,주임급,010-3245-6281,연태,C조,육아휴직,1.3후판전단기계파트장,경영지원본부장,POSCO-Mexico(멕시코)법인장
조교훈,어제,(광양)화성부 코크스노체관리섹션,계약,주임대우,010-2347-1244,슬로베니아,D조,예비군훈련,10MN UTM 강구조물 인장/휨/압축시험,기술투자본부장,POSCO-MKPC(쿠알라룸푸르)법인장
천성길,오늘,(광양)화성부 화성정비섹션,계약직엔지니어,추진단장,010-5672-1334,자카르타,A조,민방위,1코크스업무 총괄 및 비젼제시,철강생산본부장,POSCO-MPPC(멕시코)법인장
허형준,내일,(광양)환경자원그룹,계약직연구원,추진반장,010-2378-0997,인도,B조,안식월,1후판 검판 치수검사,철강부문장,POSCO-PMPC(마닐라)법인장
윤정호,모레,(광양)환경자원그룹 대기보전섹션,명예연구원,추진반장(기술위원),010-6723-1918,푸네,C조,휴무,1후판 압연,철강사업본부장,POSCO-PWPC(폴란드)법인장
장순식,어제,(광양)환경자원그룹 수질보전섹션,위촉직,추진반장(연구위원),010-2345-6799,이탈리아,D조,연차,1후판 압연 전기정비,가치경영센터장,POSCO-RU(러시아)법인장
신호철,오늘,(광양)환경자원그룹 자원재활용섹션,자문,팀장,010-3457-2405,일본,A조,교육,1후판 압연기계정비,CEO,POSCO-SouthAsia(태국)대표법인장
신철휴,내일,(광양)후판부,초빙,팀장(기술위원),010-3578-4526,말레이시아,B조,반차,1후판 압연파트/압연반,선강담당 부소장,POSCO-TCS(태국)법인장
윤진희,모레,(광양)후판부 3연주공장,겸직 기술원,팀장(마케팅위원),010-2222-1122,멕시코,C조,출장,1후판공장 설비점검반,선재제어냉각PJT팀장,POSCO-TNPC(터키)법인장
김왕건,어제,(광양)후판부 3제강공장,겸직기술원,팀장(연구위원),010-1234-1122,태국,D조,파견,1후판공장 전단전기,CSP 조업담당 임원,POSCO-Vietnam(베트남)법인장
윤진용,오늘,(광양)후판부 연주기술개발섹션,겸직연구원,파트장,010-3321-1245,터키,A조,육아휴직,1후판공장/설비점검반,행정담당 부소장,POSCO-VST(베트남)법인장
김미진,내일,(광양)후판부 제강기술개발섹션,겸직행정원,파트장(통합),010-1234-1245,호치민,B조,예비군훈련,1후판기계정비,POIST실용화추진반장,PT. POSCO-Indonesia Inti(인도네시아)대표법인장
김승겸,모레,(광양)후판부 조업개선섹션,관리이사,파트장급,010-6271-4692,베트남,C조,민방위,1후판압연 기계정비,주문외제품ValueUp-PJT팀장,VPS(베트남)법인장
유관종,어제,(광양)후판부 후판공장,비상임B,파트장대우,010-333-1245,인도네시아,D조,안식월,1후판압연 전기정비,자동차소재마케팅실장,광동순덕포항강판유한공사(중국)법인장
권문현,오늘,(광양)후판부 후판기술개발섹션,이사,홍보위원,010-3245-6282,서울,A조,휴무,1후판압연파트/압연반,HR혁신실장,광동포항기차판유한공사(중국)법인장
우승균,내일,(광양)후판부 후판정비섹션,L1,회장보좌역,010-2347-1245,포항,B조,연차,1후판정정물류관리,정도경영실장,장가항포항불수강유한공사(중국)법인장
배무종,모레,(포항)EIC기술부,L2,Chief PCP,010-5672-1335,광양,C조,교육,1후판정정물류관리 및 냉간교정작업,법무실 법무위원,중경포항중강기차판유한공사(중국)법인장
오동호,어제,(포항)EIC기술부 계측시스템정비섹션,L3,IP PJT 리더,010-2378-0998,미국,D조,반차,1후판제품 정정주임,STS담당 부소장,청도포항불수강유한공사(중국)법인장
현은귀,오늘,(포항)EIC기술부 계측제어기술섹션,L4,Junior PCP,010-6723-1919,터키,A조,출장,1후판제품 정정파트/정정주임,광양제철소 행정담당 부소장,MYANMAR-POSCO(미얀마)법인장
장금수,내일,(포항)EIC기술부 압연계장정비섹션,L5,PCE,010-2345-6800,홍콩,B조,파견,2 FINEX  유동 & HCI,HiFAME연구PJT팀장,POSCO ASSAN TST(터키)법인장
이헌정,모레,(포항)EIC기술부 자동화설비섹션,L6,PCP,010-3457-2406,호주,C조,육아휴직,2 FINEX HCI 기계정비,정보기획실장,POSCO Japan PC(일본)법인장
정재웅,어제,(포항)EIC기술부 전기기술섹션,감독,Senior PCE,010-3578-4527,캐나다,D조,예비군훈련,2 HCL,PT.KRAKATAU POSCO 생산본부장,POSCO SS VINA(베트남)법인장
곽흔섭,오늘,(포항)EIC기술부 프로세스컴퓨터제어섹션,보세사,Senior PCP,010-2222-1123,중경,A조,민방위,2 M/C 연속 주조작업,글로벌마케팅조정실장,POSCO Thainox(태국)법인장
이채윤,내일,(포항)POIST실용화추진반 CEM기술지원PJT팀,부소장,공장장,010-1234-1123,성도,B조,안식월,2ACL,전기전자마케팅실장,POSCO Vietnam Holdings(베트남)대표법인장
박종일,모레,(포항)POIST실용화추진반 FINEX기술개발PJT팀,소장,국장,010-3321-1246,장흥도,C조,휴무,2ACSS,해외사업관리실장,POSCO Vietnam Holdings(베트남)부법인장
정성호,어제,(포항)POIST실용화추진반 FINEX설비강건화PJT팀,총괄감독,그룹장,010-1234-1246,불산,D조,연차,2APL,신사업실장,POSCO-AAPC(알라바마)법인장
문성룡,오늘,(포항)POIST실용화추진반 FINEX설비강건화PJT팀 기계정비섹션,Chief PCP,대표법인장,010-6271-4693,중국,A조,교육,2APL 기계정비,에너지조선마케팅실장,POSCO-Africa(남아공)법인장
이희창,내일,(포항)POIST실용화추진반 FINEX설비강건화PJT팀 설비기술섹션,Junior PCP,대표이사 회장,010-333-1246,길림,B조,반차,2APL 기계정비직(나의안전짝꿍:이완락 부총괄),포항연구소장,POSCO-America(미국)대표법인장
김우경,모레,(포항)POIST실용화추진반 FINEX설비강건화PJT팀 엔지니어링섹션,PCE,리더,010-3245-6283,심양,C조,출장,2APL 운전,포항제철소 선강담당 부소장,POSCO-Asia(홍콩)법인장
장재길,어제,(포항)POIST실용화추진반 FINEX설비강건화PJT팀 전기정비섹션,Senior PCE,반장,010-2347-1246,소주,D조,파견,2APL 입측 종합운전,광양제철소 압연담당 부소장,POSCO-Australia(호주)법인장
이선기,오늘,(포항)POIST실용화추진반 FINEX조업최적화PJT팀,공장장,법무위원,010-5672-1336,천진,A조,육아휴직,2CAL  입측운전,안전생산전략실장,POSCO-Canada(캐나다)법인장
이정환,내일,(포항)POIST실용화추진반 FINEX조업최적화PJT팀 FINEX2공장,국장,법인장,010-2378-0999,우후,B조,예비군훈련,2CAL All Round Play.,열연설비성능혁신PJT팀장,POSCO-China(중국)대표법인장
이창원,모레,(포항)POIST실용화추진반 FINEX조업최적화PJT팀 FINEX3공장,대표이사 회장,본부장,010-6723-1920,연태,C조,민방위,2CAL 검사판정,광양제철소 설비담당 부소장,POSCO-China(중국)부법인장
조아영,어제,(포항)POIST실용화추진반 FINEX조업최적화PJT팀 FINEX성형탄공장,리더대우,부공장장,010-2345-6801,슬로베니아,D조,안식월,2CAL 입측,PosMAZIC연구PJT팀장,POSCO-CSPC(소주)법인장
박유준,오늘,(포항)POIST실용화추진반 해외POIST-PJT팀,반장,부리더,010-3457-2407,자카르타,A조,휴무,2CAL 중앙,광양연구소장,POSCO-ESDC(슬로베니아)법인장
천민호,내일,(포항)POIST실용화추진반(170206-171231),법인장,부문장,010-3578-4528,인도,B조,연차,2CAL운전,선재마케팅실장,POSCO-India(인도)대표법인장
서명교,모레,(포항)POSTRIP기술개발추진반 연구개발PJT팀,부공장장,부법인장,010-2222-1124,푸네,C조,교육,2CGL 엔지니어 (기술/품질/수익성),광양제철소 SNG사업추진반장,POSCO-ITPC(이탈리아)법인장
간호영,어제,(포항)POSTRIP기술개발추진반 조업기술개발PJT팀,부리더,부장,010-1234-1124,이탈리아,D조,반차,2COKE전기정비,원료2실장,POSCO-Japan(일본)대표법인장
황현동,오늘,(포항)POSTRIP기술개발추진반(030701-170331),부사장(사내이사),부장대우,010-3321-1247,일본,A조,출장,2DNL,원료3실장,POSCO-Maharashtra(인도)법인장
김영윤,내일,(포항)STS압연부,부장(포스코명장),비상임고문,010-1234-1247,말레이시아,B조,파견,2DNL 탈탄침질,재무실장,POSCO-Malaysia(말레이시아)법인장
이예찬,모레,(포항)STS압연부 1냉연공장,부장대우,사무소장,010-6271-4694,멕시코,C조,육아휴직,2DNL주임,유럽사무소장,POSCO-MESDC(멕시코)법인장
심상현,어제,(포항)STS압연부 2냉연공장,사무소장,사외이사,010-333-1247,태국,D조,예비군훈련,2DRL Main▶설비점검(170201),PosACT연구PJT팀장,POSCO-Mexico(멕시코)법인장
이훈,오늘,(포항)STS압연부 STS압연정비섹션,상무보,상임이사,010-3245-6284,터키,A조,민방위,2FINEX  2유동파트 유동2반 기계정비,홍보위원,POSCO-MKPC(쿠알라룸푸르)법인장
김재진,내일,(포항)STS압연부 소둔산세공장,센터장,센터장,010-2347-1247,호치민,B조,안식월,2FINEX HCI 공정내 함철부산물 재활용 기술개발 TFT,포항제철소 안전설비담당 부소장,POSCO-MPPC(멕시코)법인장
이명환,모레,(포항)STS압연부 압연기술개발섹션,실장,실장,010-5672-1337,베트남,C조,휴무,2FINEX HCI 정비,엔지니어링솔루션실장,POSCO-PMPC(마닐라)법인장
이성규,어제,(포항)STS압연부 조업개선섹션,연구원,안전파트장,010-2378-1000,인도네시아,D조,연차,2FINEX 공정안전관리(PSM),기술투자본부 기술위원 고로개수PJT팀장,POSCO-PWPC(폴란드)법인장
이우석,오늘,(포항)STS압연부 티타늄기술개발섹션,연구위원보,연구소장,010-6723-1921,서울,A조,교육,2FINEX 기계정비(성형탄 설비),포항제철소 압연담당 부소장,POSCO-RU(러시아)법인장
안정훈,내일,(포항)STS제강부,전문연구원,연구원장,010-2345-6802,포항,B조,반차,2FINEX 성형탄 Tower,철강사업전략실장,POSCO-SouthAsia(태국)대표법인장
김극,모레,(포항)STS제강부 2제강공장,추진반장,일반,010-3457-2408,광양,C조,출장,2FINEX 용융로 전기파트/전기정비 (안전짝꿍:이은철),HR경영실장,POSCO-TCS(태국)법인장
강덕운,어제,(포항)STS제강부 3제강공장,팀장,자문교수,010-3578-4529,미국,D조,파견,2FINEX 원료 기계정비,투자엔지니어링실장,POSCO-TNPC(터키)법인장
원성연,오늘,(포항)STS제강부 4제강공장,팀리더,자문역,010-2222-1125,터키,A조,육아휴직,2FINEX조로파트/1반주임(주임커뮤니티사무국장),철강생산본부 기술위원,POSCO-Vietnam(베트남)법인장
이성혁,내일,(포항)STS제강부 STS제강정비섹션,사업부장,제철소부소장,010-1234-1125,홍콩,B조,예비군훈련,2HCL,GPS제강PJT팀장,POSCO-VST(베트남)법인장
전종철,모레,(포항)STS제강부 제강기술개발섹션,영업,제철소장,010-3321-1248,호주,C조,민방위,2LF,용강비정질PJT팀장,PT. POSCO-Indonesia Inti(인도네시아)대표법인장
박성서,어제,(포항)STS제강부 조업개선섹션,조장,주임,010-1234-1248,캐나다,D조,안식월,2M/C 3Strand,고Mn강특화솔루션PJT팀장,VPS(베트남)법인장
이형돈,오늘,(포항)기술혁신그룹,주재원,주임급,010-6271-4695,중경,A조,휴무,2M/C 4Str&#39; 주조직,ER실장,광동순덕포항강판유한공사(중국)법인장
김응현,내일,(포항)기술혁신그룹 PJT지원섹션,지역총괄,주임대우,010-333-1248,성도,B조,연차,2MC 기계 Supervisor,철강사업본부 연구위원,광동포항기차판유한공사(중국)법인장
나용태,모레,(포항)기술혁신그룹 QSS섹션,파트장,추진단장,010-3245-6285,장흥도,C조,교육,2PCM Pickling Line 기계 (나의 안전 짝궁 : 노종근 선배님),GigaSteel상용화추진반장,장가항포항불수강유한공사(중국)법인장
배상연,어제,(포항)기술혁신그룹 혁신허브섹션,SM,추진반장,010-2347-1248,불산,D조,반차,2PCM 산세입측설비/나의 안전 짝궁: 전영춘부총괄님,기술연구원장,중경포항중강기차판유한공사(중국)법인장
이호주,오늘,(포항)냉연부,그룹원,추진반장(기술위원),010-5672-1338,중국,A조,출장,2PCM 압연기술개발,경영전략실장,청도포항불수강유한공사(중국)법인장
홍승환,내일,(포항)냉연부 1냉연공장,PM,추진반장(연구위원),010-2378-1001,길림,B조,파견,2PCM 전기정비/안전짝꿍 남기하 총괄,홍보실장,MYANMAR-POSCO(미얀마)법인장
이영호,모레,(포항)냉연부 2냉연공장,주임직무대행,팀장,010-6723-1922,심양,C조,육아휴직,2RH,철강솔루션마케팅실장,POSCO ASSAN TST(터키)법인장
김형윤,어제,(포항)냉연부 냉연기술개발섹션,PJT전문직,팀장(기술위원),010-2345-6803,소주,D조,예비군훈련,2RH & LF,설비자재구매실장,POSCO Japan PC(일본)법인장
이수희,오늘,(포항)냉연부 냉연정비1섹션,상임감사,팀장(마케팅위원),010-3457-2409,천진,A조,민방위,2RH&LF,국내사업관리실장,POSCO SS VINA(베트남)법인장
이정욱,내일,(포항)냉연부 냉연정비2섹션,실원,팀장(연구위원),010-3578-4530,우후,B조,안식월,2RH/노경협의회,스테인리스마케팅실장,POSCO Thainox(태국)법인장
정지흥,모레,(포항)냉연부 도금공장,IP PJT 리더,파트장,010-2222-1126,연태,C조,휴무,2cal,노무외주실장,POSCO Vietnam Holdings(베트남)대표법인장
김재혁,어제,(포항)냉연부 도금기술개발섹션,대표법인장,파트장(통합),010-1234-1126,슬로베니아,D조,연차,2고로 기술원,기술경영실장,POSCO Vietnam Holdings(베트남)부법인장
곽재훈,오늘,(포항)냉연부 조업개선섹션,법무위원,파트장급,010-3321-1249,자카르타,A조,교육,2고로 노전파트 / 출선업무,법무실장,POSCO-AAPC(알라바마)법인장
박수현,내일,(포항)노재그룹,부문장,파트장대우,010-1234-1249,인도,B조,반차,2고로 운전및 노황관리 (나의 안전짝궁은 강석진 대리님 입니다),포항제철소장,POSCO-Africa(남아공)법인장
정용권,모레,(포항)노재그룹 노재섹션,부법인장,홍보위원,010-6271-4696,푸네,C조,출장,2고로 전기파트장,PT.KRAKATAU POSCO 법인장,POSCO-America(미국)대표법인장
곽두레,어제,(포항)발전효율향상PJT팀 발전기술개발섹션,상임이사,회장보좌역,010-333-1249,이탈리아,D조,파견,2고로 조로반 pci 설비관리,인니법인장,POSCO-Asia(홍콩)법인장
이은지,오늘,(포항)발전효율향상PJT팀 발전섹션,안전파트장,Chief PCP,010-3245-6286,일본,A조,육아휴직,2고로 조업관리,광양제철소장,POSCO-Australia(호주)법인장
송인학,내일,(포항)발전효율향상PJT팀 발전정비섹션,연구소장,IP PJT 리더,010-2347-1249,말레이시아,B조,예비군훈련,2고로 조업관리 업무,경영지원본부장,POSCO-Canada(캐나다)법인장
문성민,모레,(포항)발전효율향상PJT팀(160816-181231),연구원장,Junior PCP,010-5672-1339,멕시코,C조,민방위,2고로기계파트장(안전짝꿍 이형구 님),기술투자본부장,POSCO-China(중국)대표법인장
김형섭,어제,(포항)생산기술부,제철소부소장,PCE,010-2378-1002,태국,D조,안식월,2공장 FINEX직,철강생산본부장,POSCO-China(중국)부법인장
서영대,오늘,(포항)생산기술부 구내운송섹션,제철소장,PCP,010-6723-1923,터키,A조,휴무,2공장 원료 설비 점검,철강부문장,POSCO-CSPC(소주)법인장
신재열,내일,(포항)생산기술부 생산관제섹션,주임급,Senior PCE,010-2345-6804,호치민,B조,연차,2공정 선탄반,철강사업본부장,POSCO-ESDC(슬로베니아)법인장
최장오,모레,(포항)생산기술부 생산기술섹션,주임대우,Senior PCP,010-3457-2410,베트남,C조,교육,2공정 선탄파트/선탄반,가치경영센터장,POSCO-India(인도)대표법인장
위동수,어제,(포항)생산기술부 생산프로세스개선섹션,추진단장,공장장,010-3578-4531,인도네시아,D조,반차,2공정 선탄파트/야드반/Reclaimer운전,CEO,POSCO-ITPC(이탈리아)법인장
김종주,오늘,(포항)생산기술부 제품출하섹션,파트장급,국장,010-2222-1127,서울,A조,출장,2공정 통합관리,선강담당 부소장,POSCO-Japan(일본)대표법인장
도영기,내일,(포항)선강설비그룹,파트장대우,그룹장,010-1234-1127,포항,B조,파견,2기 OVEN Part,선재제어냉각PJT팀장,POSCO-Maharashtra(인도)법인장
김수광,모레,(포항)선강설비그룹 PosMC설비품질향상PJT팀(160905-180228),홍보위원,대표법인장,010-3321-1250,광양,C조,육아휴직,2기오븐 이동기기 관리,CSP 조업담당 임원,POSCO-Malaysia(말레이시아)법인장
이석진,어제,(포항)선강설비그룹 에너지발전섹션,회장보좌역,대표이사 회장,010-1234-1250,미국,D조,예비군훈련,2냉연 #2EGL 제품출하업무,행정담당 부소장,POSCO-MESDC(멕시코)법인장
박상백,오늘,(포항)선강설비그룹 연주기수리섹션,간호사,리더,010-6271-4697,터키,A조,민방위,2냉연 #2PCM 전기정비,POIST실용화추진반장,POSCO-Mexico(멕시코)법인장
강순재,내일,(포항)선강설비그룹 제강연주섹션,리더직무대행,반장,010-333-1250,홍콩,B조,안식월,2냉연 2PCM PL CENTER,주문외제품ValueUp-PJT팀장,POSCO-MKPC(쿠알라룸푸르)법인장
김재연,모레,(포항)선강설비그룹 제선FINEX섹션,마스터,법무위원,010-3245-6287,호주,C조,휴무,2냉연 3CAL,자동차소재마케팅실장,POSCO-MPPC(멕시코)법인장
곽정열,어제,(포항)선강설비그룹 크레인정비섹션,본부장대행,법인장,010-2347-1250,캐나다,D조,연차,2냉연 3CAL 기계정비 파트장(2냉연 S/C 2층),HR혁신실장,POSCO-PMPC(마닐라)법인장
홍민기,오늘,(포항)선강설비그룹 투자관리화성섹션,전문임원,본부장,010-5672-1340,중경,A조,교육,2냉연 3CAL 입측 기계정비 / 안전짝꿍♡정인균 선배님,정도경영실장,POSCO-PWPC(폴란드)법인장
황규석,내일,(포항)선재부,그룹장대우,부공장장,010-2378-1003,성도,B조,반차,2냉연 3CAL 전기 정비 파트,법무실 법무위원,POSCO-RU(러시아)법인장
한명훈,모레,(포항)선재부 1선재공장,비상근이사,부리더,010-6723-1924,장흥도,C조,출장,2냉연 AHSS 조업기술 완성,STS담당 부소장,POSCO-SouthAsia(태국)대표법인장
김진식,어제,(포항)선재부 2선재공장,사무직사원,부문장,010-2345-6805,불산,D조,파견,2냉연 CAL,광양제철소 행정담당 부소장,POSCO-TCS(태국)법인장
임인택,오늘,(포항)선재부 3선재공장,월촉탁,부법인장,010-3457-2411,중국,A조,육아휴직,2냉연 CAL 및 CR제품 (냉연부 S/C 2층),HiFAME연구PJT팀장,POSCO-TNPC(터키)법인장
곽계수,내일,(포항)선재부 4선재공장,총괄파트장,부장,010-3578-4532,길림,B조,예비군훈련,2냉연 PCM 기계정비/안전짝궁 강덕운,정보기획실장,POSCO-Vietnam(베트남)법인장
최송림,모레,(포항)선재부 기술개발섹션,전문과장,부장대우,010-2222-1128,심양,C조,민방위,2냉연 설비기동 점검,PT.KRAKATAU POSCO 생산본부장,POSCO-VST(베트남)법인장
김영채,어제,(포항)선재부 선재정비섹션,전문차장,비상임고문,010-1234-1128,소주,D조,안식월,2냉연 압연,글로벌마케팅조정실장,PT. POSCO-Indonesia Inti(인도네시아)대표법인장
이상복,오늘,(포항)선재부 조업개선섹션,직책과장,사무소장,010-3321-1251,천진,A조,휴무,2냉연 전기정비직/나의 안전 짝꿍(김태규),전기전자마케팅실장,VPS(베트남)법인장
김은배,내일,(포항)설비기술부,기술연구소장,사외이사,010-1234-1251,우후,B조,연차,2냉연 출하담당,해외사업관리실장,광동순덕포항강판유한공사(중국)법인장
이근우,모레,(포항)설비기술부 BS관리섹션,센터원,상임이사,010-6271-4698,연태,C조,교육,2냉연3CAL전기정비파트,신사업실장,광동포항기차판유한공사(중국)법인장
오영식,어제,(포항)설비기술부 공사섹션,경영지원실장,센터장,010-333-1251,슬로베니아,D조,반차,2냉연3CAL전기정비파트/2냉연3CAL전기정비파트장,에너지조선마케팅실장,장가항포항불수강유한공사(중국)법인장
석진원,오늘,(포항)설비기술부 기계기술섹션,스틸앤건축사업실장,실장,010-3245-6288,자카르타,A조,출장,2냉연3CAL전기정비파트/CSL담당,포항연구소장,중경포항중강기차판유한공사(중국)법인장
강승규,내일,(포항)설비기술부 보안관리섹션,담당임원,안전파트장,010-2347-1251,인도,B조,파견,2냉연PCM전기-TCM/나의안전 짝궁 김헌제 주무,포항제철소 선강담당 부소장,청도포항불수강유한공사(중국)법인장
손진관,모레,(포항)설비기술부 설비IMC섹션,대표이사사장,연구소장,010-5672-1341,푸네,C조,육아휴직,2냉연공장 품질관리,광양제철소 압연담당 부소장,MYANMAR-POSCO(미얀마)법인장
송성국,어제,(포항)설비기술부 설비기획섹션,감사,연구원장,010-2378-1004,이탈리아,D조,예비군훈련,2냉연물류진행업무(안전짝꿍:유종호),안전생산전략실장,POSCO ASSAN TST(터키)법인장
홍동표,오늘,(포항)설비기술부 설비솔루션기술지원섹션,주임직무대리,일반,010-6723-1925,일본,A조,민방위,2냉연압연전기파트장,열연설비성능혁신PJT팀장,POSCO Japan PC(일본)법인장
최영석,내일,(포항)설비기술부 중앙수리섹션,촉탁직원,자문교수,010-2345-6806,말레이시아,B조,안식월,2도금 도금2반 파트장 조업관리 총괄,광양제철소 설비담당 부소장,POSCO SS VINA(베트남)법인장
정동한,모레,(포항)설비기술부 토건설비섹션,파트장직무대리,자문역,010-3457-2412,멕시코,C조,휴무,2도금 산세도금반  파트장 (라인 총괄업무),PosMAZIC연구PJT팀장,POSCO Thainox(태국)법인장
예영찬,어제,(포항)안전방재부,PL,제철소부소장,010-3578-4533,태국,D조,연차,2도금 파트[안전],광양연구소장,POSCO Vietnam Holdings(베트남)대표법인장
민범기,오늘,(포항)안전방재부 건강증진섹션,SL,제철소장,010-2222-1129,터키,A조,교육,2도금 환경.에너지 외주.EAM,선재마케팅실장,POSCO Vietnam Holdings(베트남)부법인장
조규진,내일,(포항)안전방재부 방재섹션,리더직무대리,주임,010-1234-1129,호치민,B조,반차,2도금공장 검사반 업무총괄,광양제철소 SNG사업추진반장,POSCO-AAPC(알라바마)법인장
홍열,모레,(포항)안전방재부 안전방재기술섹션,법인장직무대리,주임급,010-3321-1252,베트남,C조,출장,2도금공장(3CGL B조 주임),원료4실장,POSCO-Africa(남아공)법인장
박준기,어제,(포항)안전방재부 안전섹션,관리장,주임대우,010-1234-1252,인도네시아,D조,파견,2반,원료5실장,POSCO-America(미국)대표법인장
고정남,오늘,(포항)안전방재부 안전시설개선섹션,관장,추진단장,010-6271-4699,서울,A조,육아휴직,2반파트 출선업무,재무실장,POSCO-Asia(홍콩)법인장
성태현,내일,(포항)압연설비그룹,데미쉐프,추진반장,010-333-1252,포항,B조,예비군훈련,2선재 공장 기술원,유럽사무소장,POSCO-Australia(호주)법인장
김동만,모레,(포항)압연설비그룹 STS압연섹션,부이사장,추진반장(기술위원),010-3245-6289,광양,C조,민방위,2선재 압연,PosACT연구PJT팀장,POSCO-Canada(캐나다)법인장
오안석,어제,(포항)압연설비그룹 냉연전기강판섹션,부지배인,추진반장(연구위원),010-2347-1252,미국,D조,안식월,2소결 담당,홍보위원,POSCO-China(중국)대표법인장
강병성,오늘,(포항)압연설비그룹 열연섹션,쉐프,팀장,010-5672-1342,터키,A조,휴무,2소둔,포항제철소 안전설비담당 부소장,POSCO-China(중국)부법인장
김승규,내일,(포항)압연설비그룹 후판선재섹션,영양사,팀장(기술위원),010-2378-1005,홍콩,B조,연차,2소둔 주임,엔지니어링솔루션실장,POSCO-CSPC(소주)법인장
송석철,모레,(포항)에너지부,임원,팀장(마케팅위원),010-6723-1926,호주,C조,교육,2소둔 파트 업무 총괄,기술투자본부 기술위원 고로개수PJT팀장,POSCO-ESDC(슬로베니아)법인장
최이풍,어제,(포항)에너지부 동력섹션,점장,팀장(연구위원),010-2345-6807,캐나다,D조,반차,2연속소둔파트/2APL 입측운전(나의안전짝꿍은 김종연사원),포항제철소 압연담당 부소장,POSCO-India(인도)대표법인장
주교하,오늘,(포항)에너지부 산소공장,조리반장직무대행,파트장,010-3457-2413,중경,A조,출장,2연속소둔파트/연속소둔2반(나의 안전짝꿍: 박재호과장),철강사업전략실장,POSCO-ITPC(이탈리아)법인장
박광주,내일,(포항)에너지부 에너지기술섹션,조리사,파트장(통합),010-3578-4534,성도,B조,파견,2연속소둔파트/연속소둔2반(나의안전짝궁: 장옥철 대리),HR경영실장,POSCO-Japan(일본)대표법인장
강구민,모레,(포항)에너지부 에너지정비섹션,조리실장,파트장급,010-2222-1130,장흥도,C조,육아휴직,2연속소둔파트/연속소둔2반] 중앙운전 (나의안전짝꿍: 이종기과장,투자엔지니어링실장,POSCO-Maharashtra(인도)법인장
이진윤,어제,(포항)에너지부 에너지효율개선섹션,지배인,파트장대우,010-1234-1130,불산,D조,예비군훈련,2연속소둔파트/연속소둔2반] 출측운전 (나의안전짝꿍 윤민호),철강생산본부 기술위원,POSCO-Malaysia(말레이시아)법인장
손권길,오늘,(포항)에너지부 전력계통섹션,캡틴,홍보위원,010-3321-1253,중국,A조,민방위,2연속소둔파트/연속소둔2반] 프로세스운전 (나의안전짝꿍: 권영관과장님,GPS제강PJT팀장,POSCO-MESDC(멕시코)법인장
김종윤,내일,(포항)열연부,그룹리더,회장보좌역,010-1234-1253,길림,B조,안식월,2연주  2MC 기계정비,용강비정질PJT팀장,POSCO-Mexico(멕시코)법인장
손희종,모레,(포항)열연부 1열연공장,코치,Chief PCP,010-6271-4700,심양,C조,휴무,2연주 1M/C 기계정비,고Mn강특화솔루션PJT팀장,POSCO-MKPC(쿠알라룸푸르)법인장
오지영,어제,(포항)열연부 2열연공장,행정실장,IP PJT 리더,010-333-1253,소주,D조,연차,2연주 1M/C 전기,ER실장,POSCO-MPPC(멕시코)법인장
최형용,오늘,(포항)열연부 기술개발섹션,비상임자문위원,Junior PCP,010-3245-6290,천진,A조,교육,2연주 1MC 수처리 설비 Main,철강사업본부 연구위원,POSCO-PMPC(마닐라)법인장
임동윤,내일,(포항)열연부 열연공정제어모델섹션,연구위원,PCE,010-2347-1253,우후,B조,반차,2연주 2M/C기계 파트장,GigaSteel상용화추진반장,POSCO-PWPC(폴란드)법인장
정경채,모레,(포항)열연부 열연정비섹션,초빙연구원,PCP,010-5672-1343,연태,C조,출장,2연주 2MC 주상 설비,기술연구원장,POSCO-RU(러시아)법인장
김주향,어제,(포항)열연부 조업개선섹션,관제사,Senior PCE,010-2378-1006,슬로베니아,D조,파견,2연주 전기정비,경영전략실장,POSCO-SouthAsia(태국)대표법인장
김광복,오늘,(포항)예비군연대,관제팀장,Senior PCP,010-6723-1927,자카르타,A조,육아휴직,2연주 크레인 기계정비,홍보실장,POSCO-TCS(태국)법인장
조동규,내일,(포항)인사노무그룹,궤도팀장,공장장,010-2345-6808,인도,B조,예비군훈련,2연주1MC전기정비,철강솔루션마케팅실장,POSCO-TNPC(터키)법인장
김환욱,모레,(포항)인사노무그룹 노무섹션,기술부장,국장,010-3457-2414,푸네,C조,민방위,2연주공장 기술원,설비자재구매실장,POSCO-Vietnam(베트남)법인장
안영대,어제,(포항)인사노무그룹 외주섹션,기술팀장,그룹장,010-3578-4535,이탈리아,D조,안식월,2연주공장 안전 방재,국내사업관리실장,POSCO-VST(베트남)법인장
백정선,오늘,(포항)인사노무그룹 인사섹션,산업안전관리자,대표법인장,010-2222-1131,일본,A조,휴무,2연주공장 원가절감 활동 ('17.3.8~6.9),스테인리스마케팅실장,PT. POSCO-Indonesia Inti(인도네시아)대표법인장
배정돈,내일,(포항)전기강판부,운영팀장,대표이사 회장,010-1234-1131,말레이시아,B조,연차,2열연 Conveyor 담당,노무외주실장,VPS(베트남)법인장
허광익,모레,(포항)전기강판부 1전기강판공장,차량팀장,리더,010-3321-1254,멕시코,C조,교육,2열연 Smart Factory 기획/ 데이터분석,기술경영실장,광동순덕포항강판유한공사(중국)법인장
정수화,어제,(포항)전기강판부 2전기강판공장,그룹장 직무대행,반장,010-1234-1254,태국,D조,반차,2열연 가열 및 U.T업무 총괄 및 S/Y Tong.s/재열재 Tong 담당. 압연2반 자재담당,법무실장,광동포항기차판유한공사(중국)법인장
정금용,오늘,(포항)전기강판부 3전기강판공장,관리자,법무위원,010-6271-4701,터키,A조,출장,2열연 권취기 정정 기계정비 파트장,포항제철소장,장가항포항불수강유한공사(중국)법인장
박주은,내일,(포항)전기강판부 기술개발섹션,경영지원팀장,법인장,010-333-1254,호치민,B조,파견,2열연 연연속및FM기계정비,PT.KRAKATAU POSCO 법인장,중경포항중강기차판유한공사(중국)법인장
권중혁,모레,(포항)전기강판부 전기강판정비섹션,고문,본부장,010-3245-6291,베트남,C조,육아휴직,2열연 전기감시실,인니법인장,청도포항불수강유한공사(중국)법인장
구자명,어제,(포항)전기강판부 조업개선섹션,과장,부공장장,010-2347-1254,인도네시아,D조,예비군훈련,2열연 전기정비 (조압연),광양제철소장,MYANMAR-POSCO(미얀마)법인장
서성봉,오늘,(포항)제강부,경오,부리더,010-5672-1344,서울,A조,민방위,2열연 플랫폼 구축,경영지원본부장,POSCO ASSAN TST(터키)법인장
김범찬,내일,(포항)제강부 1제강공장,기술이사,부문장,010-2378-1007,포항,B조,안식월,2원료 2불출/나의안전짝궁배유호과장님,기술투자본부장,POSCO Japan PC(일본)법인장
박동진,모레,(포항)제강부 2연주공장,대리,부법인장,010-6723-1928,광양,C조,휴무,2원료 3불출설비 관리 및 운영-안전짝꿍(이상호),철강생산본부장,POSCO SS VINA(베트남)법인장
김상하,어제,(포항)제강부 2제강공장,발전운영팀장,부장,010-2345-6809,미국,D조,연차,2원료 불출/나의 안전짝궁 강신율님,철강부문장,POSCO Thainox(태국)법인장
허지연,오늘,(포항)제강부 3연주공장,설비기술팀장,부장대우,010-3457-2415,터키,A조,교육,2원료 불출1 담당/나의 짝궁 남상승 주임 안전관련공유,철강사업본부장,POSCO Vietnam Holdings(베트남)대표법인장
김종호,내일,(포항)제강부 3제강공장,안전보건혁신팀장,비상임고문,010-3578-4536,홍콩,B조,반차,2원료 불출설비/ 안전 짝꿍남상승,가치경영센터장,POSCO Vietnam Holdings(베트남)부법인장
곽하늘,모레,(포항)제강부 4연주공장,연료화운영팀장,사무소장,010-2222-1132,호주,C조,출장,2원료 불출설비/나의 안전짝꿍 (김태우),CEO,POSCO-AAPC(알라바마)법인장
김유현,어제,(포항)제강부 연주기술개발섹션,주무,사외이사,010-1234-1132,캐나다,D조,파견,"2원료 전기정비 ""나의 안전짝꿍은 황영택님 입니다""",선강담당 부소장,POSCO-Africa(남아공)법인장
오영희,오늘,(포항)제강부 연주정비섹션,Director,상임이사,010-3321-1255,중경,A조,육아휴직,2원료 파트 원료2반/나의 안전짝꿍 김재봉 선배님,선재제어냉각PJT팀장,POSCO-America(미국)대표법인장
이현상,내일,(포항)제강부 제강기술개발섹션,Staff,센터장,010-1234-1255,성도,B조,예비군훈련,2원료전기정비/나의 안전짝궁은 최보현님 입니다^^,CSP 조업담당 임원,POSCO-Asia(홍콩)법인장
안명식,모레,(포항)제강부 제강정비섹션,Driver,실장,010-6271-4702,장흥도,C조,민방위,2원료전기정비/나의 안전짝꿍은 김영기 님입니다.,행정담당 부소장,POSCO-Australia(호주)법인장
강희범,어제,(포항)제강부 조업개선섹션,E3,안전파트장,010-333-1255,불산,D조,안식월,2원료파트 /원료2반  / 1불출,POIST실용화추진반장,POSCO-Canada(캐나다)법인장
홍익표,오늘,(포항)제선부,주임,연구소장,010-3245-6292,중국,A조,휴무,2전강 ACL 기계(2ACL),주문외제품ValueUp-PJT팀장,POSCO-China(중국)대표법인장
이필래,내일,(포항)제선부 1제선공장,E5,연구원장,010-2347-1255,길림,B조,연차,2전강 ACL기계(2ACL F'ce),자동차소재마케팅실장,POSCO-China(중국)부법인장
서진석,모레,(포항)제선부 2제선공장,E6,일반,010-5672-1345,심양,C조,교육,2전강 ACL전기 (3ACL),HR혁신실장,POSCO-CSPC(소주)법인장
채호진,어제,(포항)제선부 3고로개수품질향상PJT팀(160229-170930),과장대우,자문교수,010-2378-1008,소주,D조,반차,2전강 압연기계파트,정도경영실장,POSCO-ESDC(슬로베니아)법인장
김부영,오늘,(포항)제선부 고로정비섹션,E7,자문역,010-6723-1929,천진,A조,출장,2전강소둔코팅1반 (2ACL)주임,법무실 법무위원,POSCO-India(인도)대표법인장
정철,내일,(포항)제선부 기술개발섹션,E8,제철소부소장,010-2345-6810,우후,B조,파견,2전강압연기계(2APL),STS담당 부소장,POSCO-ITPC(이탈리아)법인장
최규서,모레,(포항)제선부 소결공장,차장,제철소장,010-3457-2416,연태,C조,육아휴직,2전기강판공장 안전기획 및 진단,광양제철소 행정담당 부소장,POSCO-Japan(일본)대표법인장
박문기,어제,(포항)제선부 원료공장,G11,주임,010-3578-4537,슬로베니아,D조,예비군훈련,2정정 4면 Scarfer,HiFAME연구PJT팀장,POSCO-Maharashtra(인도)법인장
이인철,오늘,(포항)제선부 원료소결정비섹션,Manager,주임급,010-2222-1133,자카르타,A조,민방위,2정정 4면 Scarfer 업무,정보기획실장,POSCO-Malaysia(말레이시아)법인장
안상운,내일,(포항)제선부 조업개선섹션,G11A,주임대우,010-1234-1133,인도,B조,안식월,2정정 SY관제실,PT.KRAKATAU POSCO 생산본부장,POSCO-MESDC(멕시코)법인장
김공빈,모레,(포항)제철소부 일반휴직,G11B,추진단장,010-3321-1256,푸네,C조,휴무,2정정 스카퍼,글로벌마케팅조정실장,POSCO-Mexico(멕시코)법인장
장진화,어제,(포항)품질기술부,G11,추진반장,010-1234-1256,이탈리아,D조,연차,2정정 스카핑,전기전자마케팅실장,POSCO-MKPC(쿠알라룸푸르)법인장
차은재,오늘,(포항)품질기술부 STS품질관리섹션,G12,추진반장(기술위원),010-6271-4703,일본,A조,교육,2정정 주수1반,해외사업관리실장,POSCO-MPPC(멕시코)법인장
김대남,내일,(포항)품질기술부 냉연품질관리섹션,G13,추진반장(연구위원),010-333-1256,말레이시아,B조,반차,2정정 주수1반 주임,신사업실장,POSCO-PMPC(마닐라)법인장
우현호,모레,(포항)품질기술부 선재품질관리섹션,G7,팀장,010-3245-6293,멕시코,C조,출장,2정정 주수2반,에너지조선마케팅실장,POSCO-PWPC(폴란드)법인장
빈영태,어제,(포항)품질기술부 소재품질관리섹션,P1,팀장(기술위원),010-2347-1256,태국,D조,파견,2정정 주수2반주임,포항연구소장,POSCO-RU(러시아)법인장
민방기,오늘,(포항)품질기술부 열연품질관리섹션,P10,팀장(마케팅위원),010-5672-1346,터키,A조,육아휴직,2정정주수2반 Slab수입및 열연장입,포항제철소 선강담당 부소장,POSCO-SouthAsia(태국)대표법인장
김원곤,내일,(포항)품질기술부 재질시험섹션,P2,팀장(연구위원),010-2378-1009,호치민,B조,예비군훈련,2정정파트 주편수입1반,광양제철소 압연담당 부소장,POSCO-TCS(태국)법인장
김석기,모레,(포항)품질기술부 전기강판품질관리섹션,P3,파트장,010-6723-1930,베트남,C조,민방위,2제강 (정련파트)2RH 설비운전,안전생산전략실장,POSCO-TNPC(터키)법인장
정경기,어제,(포항)품질기술부 품질기술섹션,P5,파트장(통합),010-2345-6811,인도네시아,D조,안식월,2제강 3연주 Smart Factory 구축,열연설비성능혁신PJT팀장,POSCO-Vietnam(베트남)법인장
조경창,오늘,(포항)품질기술부 품질시스템섹션,P6,파트장급,010-3457-2417,서울,A조,휴무,2제강 3전로 교체공사,광양제철소 설비담당 부소장,POSCO-VST(베트남)법인장
권혁채,내일,(포항)품질기술부 화학시험섹션,P7,파트장대우,010-3578-4538,포항,B조,연차,2제강 CRANE 전기정비,PosMAZIC연구PJT팀장,PT. POSCO-Indonesia Inti(인도네시아)대표법인장
이용헌,모레,(포항)품질기술부 후판품질관리섹션,P8,홍보위원,010-2222-1134,광양,C조,교육,2제강 Crane 전기정비,광양연구소장,VPS(베트남)법인장
노재원,어제,(포항)행정섭외그룹,P9,회장보좌역,010-1234-1134,미국,D조,반차,2제강 RH 노재 정비,선재마케팅실장,광동순덕포항강판유한공사(중국)법인장
윤철수,오늘,(포항)행정섭외그룹 섭외기획섹션,PCP,Chief PCP,010-3321-1257,터키,A조,출장,2제강 기중기파트/기중기1주임,광양제철소 SNG사업추진반장,광동포항기차판유한공사(중국)법인장
문필종,내일,(포항)행정섭외그룹 지역협력섹션,Senior,IP PJT 리더,010-1234-1257,홍콩,B조,파견,2제강 노외정련 통합파트장,원료6실장,장가항포항불수강유한공사(중국)법인장
전봉수,모레,(포항)행정섭외그룹 행정섹션,Supervisor,Junior PCP,010-6271-4704,호주,C조,육아휴직,2제강 래들 관제,원료7실장,중경포항중강기차판유한공사(중국)법인장
이성관,어제,(포항)행정섭외그룹 홍보섹션,계약직사원,PCE,010-333-1257,캐나다,D조,예비군훈련,2제강 용강 최고의 청정강제조,재무실장,청도포항불수강유한공사(중국)법인장
이문식,오늘,(포항)화성부,계장,PCP,010-3245-6294,중경,A조,민방위,2제강 전로 설비점검,유럽사무소장,MYANMAR-POSCO(미얀마)법인장
이중배,내일,(포항)화성부 1코크스공장,리더,Senior PCE,010-2347-1257,성도,B조,안식월,2제강 전로 취련.,PosACT연구PJT팀장,POSCO ASSAN TST(터키)법인장
김혁진,모레,(포항)화성부 2코크스공장,매니저,Senior PCP,010-5672-1347,장흥도,C조,휴무,2제강 전로 취련직,홍보위원,POSCO Japan PC(일본)법인장
정길수,어제,(포항)화성부 3코크스공장,부사장,공장장,010-2378-1010,불산,D조,연차,2제강 전로설비점검,포항제철소 안전설비담당 부소장,POSCO SS VINA(베트남)법인장
최상국,오늘,(포항)화성부 기술개발섹션,부장,국장,010-6723-1931,중국,A조,교육,2제강 전로취련직,엔지니어링솔루션실장,POSCO Thainox(태국)법인장
박원명,내일,(포항)화성부 조업개선섹션,사원,그룹장,010-2345-6812,길림,B조,반차,2제강 전원 관리(Main전기실),기술투자본부 기술위원 고로개수PJT팀장,POSCO Vietnam Holdings(베트남)대표법인장
문선미,모레,(포항)화성부 코크스노체관리섹션,상무급,대표법인장,010-3457-2418,심양,C조,출장,2제강 정련,포항제철소 압연담당 부소장,POSCO Vietnam Holdings(베트남)부법인장
천영운,어제,(포항)화성부 화성정비섹션,이사부장,대표이사 회장,010-3578-4539,소주,D조,파견,2제강 정련1반 주임업무,철강사업전략실장,POSCO-AAPC(알라바마)법인장
황근석,오늘,(포항)환경자원그룹,자문역A,리더,010-2222-1135,천진,A조,육아휴직,2제강 출강Schedule,HR경영실장,POSCO-Africa(남아공)법인장
최형림,내일,(포항)환경자원그룹 대기보전섹션,자문역B,반장,010-1234-1135,우후,B조,예비군훈련,2제강 크레인 기계정비,투자엔지니어링실장,POSCO-America(미국)대표법인장
김창식,모레,(포항)환경자원그룹 수질보전섹션,전무,법무위원,010-3321-1258,연태,C조,민방위,2제강 크레인정비 전기파트,철강생산본부 기술위원,POSCO-Asia(홍콩)법인장
임영락,어제,(포항)환경자원그룹 자원재활용섹션,지사장,법인장,010-1234-1258,슬로베니아,D조,안식월,2제강(정련파트/정련2반)정련설비운전,GPS제강PJT팀장,POSCO-Australia(호주)법인장
최재혁,오늘,(포항)환경자원그룹 환경개선PJT팀(150803-170731),현장실습생,본부장,010-6271-4705,자카르타,A조,휴무,2제강공장 노외정련 LF조업,용강비정질PJT팀장,POSCO-Canada(캐나다)법인장
오석진,내일,(포항)후판부,사장,부공장장,010-333-1258,인도,B조,연차,2제강공장 용강기중기직,고Mn강특화솔루션PJT팀장,POSCO-China(중국)대표법인장
정신화,모레,(포항)후판부 1후판공장,상무이사,부리더,010-3245-6295,푸네,C조,교육,2제강공장&고순도FeSi공장,ER실장,POSCO-China(중국)부법인장
이홍지,어제,(포항)후판부 2후판공장,총괄업무,부문장,010-2347-1258,이탈리아,D조,반차,2제강정련파트/설비관리,철강사업본부 연구위원,POSCO-CSPC(소주)법인장
남태현,오늘,(포항)후판부 기술개발섹션,P5,부법인장,010-5672-1348,일본,A조,출장,2제강크레인기계파트,GigaSteel상용화추진반장,POSCO-ESDC(슬로베니아)법인장
이정귀,내일,(포항)후판부 조업개선섹션,P6A,부장,010-2378-1011,말레이시아,B조,파견,2제선 고로직/ 나의안전짝꿍 신동준님,기술연구원장,POSCO-India(인도)대표법인장
유영환,모레,(포항)후판부 후판정비섹션,P6B,부장대우,010-6723-1932,멕시코,C조,육아휴직,2제선공장 원가절감 활동 ('17.3.8~6.9),경영전략실장,POSCO-ITPC(이탈리아)법인장
공정락,어제,(포항)후판부 후판제품공장,기술위원,비상임고문,010-2345-6813,태국,D조,예비군훈련,2제선부공장장,홍보실장,POSCO-Japan(일본)대표법인장
김형옥,오늘,CDS옥산에너지,대리을,사무소장,010-3457-2419,터키,A조,민방위,2제압,철강솔루션마케팅실장,POSCO-Maharashtra(인도)법인장
오택찬,내일,CSP(브라질),수석,사외이사,010-3578-4540,호치민,B조,안식월,2제압 관제,설비자재구매실장,POSCO-Malaysia(말레이시아)법인장
한규백,모레,ER실,주무을,상임이사,010-2222-1136,베트남,C조,휴무,2주수2 주편수입,국내사업관리실장,POSCO-MESDC(멕시코)법인장
강오구,어제,ER실 국내협력1그룹,외주직,센터장,010-1234-1136,인도네시아,D조,연차,2차 정련,스테인리스마케팅실장,POSCO-Mexico(멕시코)법인장
신정영,오늘,ER실 국내협력1그룹 국내협력1섹션,자문역,실장,010-3321-1259,서울,A조,교육,2차 정련 RH,노무외주실장,POSCO-MKPC(쿠알라룸푸르)법인장
황상기,내일,ER실 국내협력2그룹,자문위원,안전파트장,010-1234-1259,포항,B조,반차,2차정련,기술경영실장,POSCO-MPPC(멕시코)법인장
권명율,모레,ER실 국내협력2그룹 국내협력2섹션,A2,연구소장,010-6271-4706,광양,C조,출장,2차정련 조업,법무실장,POSCO-PMPC(마닐라)법인장
정남철,어제,ER실 국제협력그룹,E13,연구원장,010-333-1259,미국,D조,파견,2코크4기 OVEN 전기정비& 화성부 노경협의회 대표,포항제철소장,POSCO-PWPC(폴란드)법인장
장영호,오늘,ER실 국제협력그룹 국제협력1섹션,E19,일반,010-3245-6296,터키,A조,육아휴직,2코크스  4기 기계 파트 Oven,PT.KRAKATAU POSCO 법인장,POSCO-RU(러시아)법인장
정길영,내일,ER실 국제협력그룹 국제협력2섹션,P14,자문교수,010-2347-1259,홍콩,B조,예비군훈련,2코크스 3기 전기,인니법인장,POSCO-SouthAsia(태국)대표법인장
박보규,모레,ER실 사회공헌그룹,P15,자문역,010-5672-1349,호주,C조,민방위,2코크스 4기 CDQ 전기정비,광양제철소장,POSCO-TCS(태국)법인장
김병구,어제,ER실 사회공헌그룹 나눔재단섹션,P16,제철소부소장,010-2378-1012,캐나다,D조,안식월,2코크스 4기 Oven 전기정비,경영지원본부장,POSCO-TNPC(터키)법인장
김영덕,오늘,HR경영실 HR전략그룹,Advisor,제철소장,010-6723-1933,중경,A조,휴무,2코크스 4기기계정비,기술투자본부장,POSCO-Vietnam(베트남)법인장
라신현,내일,HR경영실 HR전략그룹 HR전략섹션,일반,주임,010-2345-6814,성도,B조,연차,2코크스공장 CDQ 업무,철강생산본부장,POSCO-VST(베트남)법인장
장종렬,모레,HR경영실 HR전략그룹 성과지원섹션,계약직,주임급,010-3457-2420,장흥도,C조,교육,2코크스공장 선탄설비기동점검반,철강부문장,PT. POSCO-Indonesia Inti(인도네시아)대표법인장
김완양,어제,HR경영실 TTM섹션,일반직,주임대우,010-3578-4541,불산,D조,반차,2코크스공장 설비기동점검,철강사업본부장,VPS(베트남)법인장
문기록,오늘,HR혁신실,총괄직,추진단장,010-2222-1137,중국,A조,출장,2코크스공장 엔지니어,가치경영센터장,광동순덕포항강판유한공사(중국)법인장
김웅기,내일,HR혁신실 글로벌HR그룹,Sr.Manager,추진반장,010-1234-1137,길림,B조,파견,2후판 FM,CEO,광동포항기차판유한공사(중국)법인장
고훈,모레,HR혁신실 글로벌HR그룹 글로벌HR지원섹션,대리갑,추진반장(기술위원),010-3321-1260,심양,C조,육아휴직,2후판 가열로,선강담당 부소장,장가항포항불수강유한공사(중국)법인장
최순영,어제,HR혁신실 글로벌HR그룹 글로벌인재육성섹션,부총괄직,추진반장(연구위원),010-1234-1260,소주,D조,예비군훈련,2후판 검사업무,선재제어냉각PJT팀장,중경포항중강기차판유한공사(중국)법인장
지용준,오늘,HR혁신실 인사그룹,사원갑,팀장,010-6271-4707,천진,A조,민방위,2후판 생산/품질 관리,CSP 조업담당 임원,청도포항불수강유한공사(중국)법인장
서갑종,내일,HR혁신실 인사그룹 인재육성섹션,주무갑,팀장(기술위원),010-333-1260,우후,B조,안식월,2후판 설비점검,행정담당 부소장,MYANMAR-POSCO(미얀마)법인장
김영헌,모레,HR혁신실 인사그룹 인재채용섹션,PJT일반직,팀장(마케팅위원),010-3245-6297,연태,C조,휴무,2후판 수처리,POIST실용화추진반장,POSCO ASSAN TST(터키)법인장
김태환,어제,HR혁신실 인사그룹 평가문화섹션,과장급,팀장(연구위원),010-2347-1260,슬로베니아,D조,연차,2후판 안전문화 리더,주문외제품ValueUp-PJT팀장,POSCO Japan PC(일본)법인장
정한용,오늘,HR혁신실 프로젝트지원그룹,기타비상무이사,파트장,010-5672-1350,자카르타,A조,교육,2후판 압연 전기정비,자동차소재마케팅실장,POSCO SS VINA(베트남)법인장
최수지,내일,HR혁신실 프로젝트지원그룹 PJT기획섹션,대리급,파트장(통합),010-2378-1013,인도,B조,반차,2후판 압연기계정비,HR혁신실장,POSCO Thainox(태국)법인장
손재현,모레,HR혁신실 프로젝트지원그룹 PJT성과분석섹션,부장급,파트장급,010-6723-1934,푸네,C조,출장,2후판 압연기계정비파트장,정도경영실장,POSCO Vietnam Holdings(베트남)대표법인장
전민재,어제,HR혁신실 프로젝트지원그룹 POSTIM지원섹션,사원급,파트장대우,010-2345-6815,이탈리아,D조,파견,2후판 압연기계파트 설비점검,법무실 법무위원,POSCO Vietnam Holdings(베트남)부법인장
정봉룡,오늘,HR혁신실 행정지원그룹,상무보대우,홍보위원,010-3457-2421,일본,A조,육아휴직,2후판 압연전기,STS담당 부소장,POSCO-AAPC(알라바마)법인장
김순장,내일,HR혁신실 행정지원그룹 서울사옥관리섹션,연봉계약직,회장보좌역,010-3578-4542,말레이시아,B조,예비군훈련,2후판 압연정비 파트 Reheating Furnace  설비담당,광양제철소 행정담당 부소장,POSCO-Africa(남아공)법인장
백경찬,모레,HR혁신실 행정지원그룹 송도사옥관리섹션,임시직,Chief PCP,010-2222-1138,멕시코,C조,민방위,2후판 압연직,HiFAME연구PJT팀장,POSCO-America(미국)대표법인장
공남웅,어제,HR혁신실 행정지원그룹 항공섹션,임원급,IP PJT 리더,010-1234-1138,태국,D조,안식월,2후판 전단 전기정비,정보기획실장,POSCO-Asia(홍콩)법인장
박일도,오늘,HR혁신실 행정지원그룹 행정섹션,자문역,Junior PCP,010-3321-1261,터키,A조,휴무,2후판 정정기계정비,PT.KRAKATAU POSCO 생산본부장,POSCO-Australia(호주)법인장
송대현,내일,가치경영센터 프로젝트,차장급,PCE,010-1234-1261,호치민,B조,연차,2후판 제품 파트장,글로벌마케팅조정실장,POSCO-Canada(캐나다)법인장
박황희,모레,강건재열연마케팅실,파견직,PCP,010-6271-4708,베트남,C조,교육,2후판공장,전기전자마케팅실장,POSCO-China(중국)대표법인장
김찬진,어제,강건재열연마케팅실 API강판판매그룹,비상근 이사,Senior PCE,010-333-1261,인도네시아,D조,반차,2후판압연기계정비,해외사업관리실장,POSCO-China(중국)부법인장
계민정,오늘,강건재열연마케팅실 API강판판매그룹 API강판내수섹션,P2A,Senior PCP,010-3245-6298,서울,A조,출장,2후판압연전기정비,신사업실장,POSCO-CSPC(소주)법인장
김완근,내일,강건재열연마케팅실 API강판판매그룹 API강판수출섹션,P2B,공장장,010-2347-1261,포항,B조,파견,2후판전단 전기정비,에너지조선마케팅실장,POSCO-ESDC(슬로베니아)법인장
김병극,모레,강건재열연마케팅실 강건재열연솔루션그룹,노조위원장,국장,010-5672-1351,광양,C조,육아휴직,2후판전단기계정비.소 제안위원,포항연구소장,POSCO-India(인도)대표법인장
오태희,어제,강건재열연마케팅실 강건재열연솔루션그룹 고객서비스섹션,부관리직,그룹장,010-2378-1014,미국,D조,예비군훈련,2후판전단기계파트/전단기계설비 담당,포항제철소 선강담당 부소장,POSCO-ITPC(이탈리아)법인장
안종범,오늘,강건재열연마케팅실 강건재열연솔루션그룹 솔루션개발섹션,비상근연봉계약직,대표법인장,010-6723-1935,터키,A조,민방위,2후판전단전기파트,광양제철소 압연담당 부소장,POSCO-Japan(일본)대표법인장
이태성,내일,강건재열연마케팅실 강건재열연솔루션그룹 솔루션판매섹션,비상임고문,대표이사 회장,010-2345-6816,홍콩,B조,안식월,3 APL 운전,안전생산전략실장,POSCO-Maharashtra(인도)법인장
노영용,모레,강건재열연마케팅실 강건재열연솔루션그룹 포항TSC,선임,리더,010-3457-2422,호주,C조,휴무,3 DCNL,열연설비성능혁신PJT팀장,POSCO-Malaysia(말레이시아)법인장
조준형,어제,강건재열연마케팅실 강건재판매그룹,대표위원,반장,010-3578-4543,캐나다,D조,연차,3 HCL ( ^-^ 어리버리팀장 ^-^ ),광양제철소 설비담당 부소장,POSCO-MESDC(멕시코)법인장
박천석,오늘,강건재열연마케팅실 강건재판매그룹 POSMAC섹션,상무,법무위원,010-2222-1139,중경,A조,교육,3 MC 주조 작업,PosMAZIC연구PJT팀장,POSCO-Mexico(멕시코)법인장
노병민,내일,강건재열연마케팅실 강건재판매그룹 강관소재섹션,선임연구원,법인장,010-1234-1139,성도,B조,반차,3 전기강판 3APL근무,광양연구소장,POSCO-MKPC(쿠알라룸푸르)법인장
박상원,모레,강건재열연마케팅실 강건재판매그룹 건설강재섹션,수석연구원,본부장,010-3321-1262,장흥도,C조,출장,3-2CAL Furnace 운전,선재마케팅실장,POSCO-MPPC(멕시코)법인장
김정국,어제,강건재열연마케팅실 열연판매그룹,위원,부공장장,010-1234-1262,불산,D조,파견,3-2CAL 소둔업무,광양제철소 SNG사업추진반장,POSCO-PMPC(마닐라)법인장
강호연,오늘,강건재열연마케팅실 열연판매그룹 열연내수섹션,책임연구원,부리더,010-6271-4709,중국,A조,육아휴직,3-2연주 담당,원료8실장,POSCO-PWPC(폴란드)법인장
안준표,내일,강건재열연마케팅실 열연판매그룹 열연수출섹션,자문교수,부문장,010-333-1262,길림,B조,예비군훈련,3.4.5기 야드설비 유지관리,원료9실장,POSCO-RU(러시아)법인장
박완서,모레,경영전략실,전문컨설턴트,부법인장,010-3245-6299,심양,C조,민방위,3.4M/C전기정비_3M/C Discharge설비,재무실장,POSCO-SouthAsia(태국)대표법인장
이재율,어제,경영전략실 경영기획그룹,인턴사원,부장,010-2347-1262,소주,D조,안식월,3.4고로 안정송풍,유럽사무소장,POSCO-TCS(태국)법인장
신휘,오늘,경영전략실 경영진단그룹,대표이사,부장대우,010-5672-1352,천진,A조,휴무,3.4기 수송설비 및 공장 환경관리,PosACT연구PJT팀장,POSCO-TNPC(터키)법인장
박재칠,내일,경영전략실 재무전략그룹,사장,비상임고문,010-2378-1015,우후,B조,연차,3.4소결  조업관리/나의 안전짝궁 황문종님,홍보위원,POSCO-Vietnam(베트남)법인장
이현종,모레,경영전략실 투자관리그룹,비상무이사,사무소장,010-6723-1936,연태,C조,교육,3.4소결 기계정비/나의 안전짝궁은 강주호님입니다.,포항제철소 안전설비담당 부소장,POSCO-VST(베트남)법인장
주원도,어제,경영지원본부 프로젝트,사외이사,사외이사,010-2345-6817,슬로베니아,D조,반차,3.4소결 기계정비/나의 안전짝궁은 김홍덕선배님입니다.,엔지니어링솔루션실장,PT. POSCO-Indonesia Inti(인도네시아)대표법인장
박상수,모레,광동순덕포항강판유한공사(중국),팀원,상임이사,010-3457-2423,자카르타,A조,출장,3.4소결 기계정비파트장(3소결공장 건가1층 3.4소결정비실),기술투자본부 기술위원 고로개수PJT팀장,VPS(베트남)법인장
김대석,어제,광동포항기차판유한공사(중국),협력사,센터장,010-3578-4544,인도,B조,파견,3.4소결 조업4파트 조업지원4반 주임 / 나의 안전짝꿍은 장동우님 입니다.,포항제철소 압연담당 부소장,광동순덕포항강판유한공사(중국)법인장
원정훈,오늘,광양연구소 WPM스마트표면처리강판사무국,반원,실장,010-2222-1140,푸네,C조,육아휴직,3.4소결 청정 전기/나의 짝꿍은 권대혁 부총괄님 입니다..,철강사업전략실장,광동포항기차판유한공사(중국)법인장
정순호,내일,광양연구소 광양강재연구그룹,촉탁직,안전파트장,010-1234-1140,이탈리아,D조,예비군훈련,3.4소결조업관리/나의 안전짝궁 채호병,HR경영실장,장가항포항불수강유한공사(중국)법인장
박창주,모레,광양연구소 광양공정연구그룹,단장,연구소장,010-3321-1263,일본,A조,민방위,300계 제강,투자엔지니어링실장,중경포항중강기차판유한공사(중국)법인장
고경준,어제,광양연구소 광양연구인프라그룹,부단장,연구원장,010-1234-1263,말레이시아,B조,안식월,300톤 전로 완벽취련,철강생산본부 기술위원,청도포항불수강유한공사(중국)법인장
전해석,내일,광양연구소 표면처리연구그룹,시니어매니저,일반,010-6271-4710,멕시코,C조,휴무,32기QSS개선리더,GPS제강PJT팀장,MYANMAR-POSCO(미얀마)법인장
손정익,모레,광양연구인프라그룹 공정제품시험섹션,주니어매니저,자문교수,010-333-1263,태국,D조,연차,33기 QSS 개선리더,용강비정질PJT팀장,POSCO ASSAN TST(터키)법인장
정순기,어제,광양연구인프라그룹 광양공통시험섹션,G1,자문역,010-3245-6300,터키,A조,교육,33기 QSS+ 개선리더,고Mn강특화솔루션PJT팀장,POSCO Japan PC(일본)법인장
공중희,오늘,국내사업관리실,G2,제철소부소장,010-2347-1263,호치민,B조,반차,34기 QSS개선활동,ER실장,POSCO SS VINA(베트남)법인장
김정학,내일,국내사업관리실 국내사업1그룹,G3,제철소장,010-5672-1353,베트남,C조,출장,3ACL,철강사업본부 연구위원,POSCO Thainox(태국)법인장
박민규,모레,국내사업관리실 국내사업2그룹,G4,주임,010-2378-1016,인도네시아,D조,파견,3ACL 소둔코팅2반 주임/나의 안전짝꿍(장성근),GigaSteel상용화추진반장,POSCO Vietnam Holdings(베트남)대표법인장
정민진,어제,국내사업관리실 국내사업3그룹,G6,주임급,010-6723-1937,서울,A조,육아휴직,3ACL 운전/나의 안전짝꿍(박광형주임),기술연구원장,POSCO Vietnam Holdings(베트남)부법인장
이임춘,오늘,글로벌마케팅조정실,Associate,주임대우,010-2345-6818,포항,B조,예비군훈련,3ACL(안전짝꿍:이성곤님),경영전략실장,POSCO-AAPC(알라바마)법인장
차훈,내일,글로벌마케팅조정실 국내물류그룹,비상임감사,추진단장,010-3457-2424,광양,C조,민방위,3APL,홍보실장,POSCO-Africa(남아공)법인장
안병익,모레,글로벌마케팅조정실 국내물류그룹 국내물류계약섹션,비상임이사,추진반장,010-3578-4545,미국,D조,안식월,3APL 입측,철강솔루션마케팅실장,POSCO-America(미국)대표법인장
이관형,어제,글로벌마케팅조정실 국내물류그룹 내수출하섹션,9급,추진반장(기술위원),010-2222-1141,터키,A조,휴무,3APL 통합관리,설비자재구매실장,POSCO-Asia(홍콩)법인장
남현태,오늘,글로벌마케팅조정실 국내물류그룹 물류기획섹션,10급,추진반장(연구위원),010-1234-1141,홍콩,B조,연차,3APL(나의 안전짝궁 이상훈),국내사업관리실장,POSCO-Australia(호주)법인장
백정현,내일,글로벌마케팅조정실 박판수주공정그룹,11급,팀장,010-3321-1264,호주,C조,교육,3CAL Furnace 기계정비 / 나의 안전 짝궁 안상우,스테인리스마케팅실장,POSCO-Canada(캐나다)법인장
이형남,모레,글로벌마케팅조정실 박판수주공정그룹 STS수주공정섹션,12급,팀장(기술위원),010-1234-1264,캐나다,D조,반차,3CAL전기정비/나의 안전짝궁 도성호주무,노무외주실장,POSCO-China(중국)대표법인장
곽동건,어제,글로벌마케팅조정실 박판수주공정그룹 광양박판공정섹션,13급,팀장(마케팅위원),010-6271-4711,중경,A조,출장,3CGL POT운전,기술경영실장,POSCO-China(중국)부법인장
원태식,오늘,글로벌마케팅조정실 박판수주공정그룹 박판수주섹션,14급,팀장(연구위원),010-333-1264,성도,B조,파견,3CGL 엔지니어(기술/품질/수익성),법무실장,POSCO-CSPC(소주)법인장
유준상,내일,글로벌마케팅조정실 박판수주공정그룹 포항박판공정섹션,15급,파트장,010-3245-6301,장흥도,C조,육아휴직,3CGL 입측 소재관리 및 설비관리,포항제철소장,POSCO-ESDC(슬로베니아)법인장
정성옥,모레,글로벌마케팅조정실 판매생산계획그룹,강사,파트장(통합),010-2347-1264,불산,D조,예비군훈련,3CGL 출측운전,PT.KRAKATAU POSCO 법인장,POSCO-India(인도)대표법인장
이조영,어제,글로벌마케팅조정실 판매생산계획그룹 원료수급계획섹션,교감,파트장급,010-5672-1354,중국,A조,민방위,3COKE 5기전기,인니법인장,POSCO-ITPC(이탈리아)법인장
윤두표,오늘,글로벌마케팅조정실 판매생산계획그룹 판매공정시스템섹션,교사,파트장대우,010-2378-1017,길림,B조,안식월,3COKE CDQ,광양제철소장,POSCO-Japan(일본)대표법인장
김정웅,내일,글로벌마케팅조정실 판매생산계획그룹 판매생산계획섹션,교장,홍보위원,010-6723-1938,심양,C조,휴무,3DNL,경영지원본부장,POSCO-Maharashtra(인도)법인장
박천규,모레,글로벌마케팅조정실 해외물류그룹,RA,회장보좌역,010-2345-6819,소주,D조,연차,3DNL 3COF,기술투자본부장,POSCO-Malaysia(말레이시아)법인장
이용제,어제,글로벌마케팅조정실 해외물류그룹 수출물류계약섹션,계약,Chief PCP,010-3457-2425,천진,A조,교육,3DNL MAIN,철강생산본부장,POSCO-MESDC(멕시코)법인장
김민진,오늘,글로벌마케팅조정실 해외물류그룹 수출출하섹션,계약직엔지니어,IP PJT 리더,010-3578-4546,우후,B조,반차,3F 기계정비,철강부문장,POSCO-Mexico(멕시코)법인장
임명수,내일,글로벌마케팅조정실 해외물류그룹 원거리배선섹션,계약직연구원,Junior PCP,010-2222-1142,연태,C조,출장,3FINEX HCI 및 유동로 조업,철강사업본부장,POSCO-MKPC(쿠알라룸푸르)법인장
백규호,모레,글로벌마케팅조정실 후판수주공정그룹,명예연구원,PCE,010-1234-1142,슬로베니아,D조,파견,3FINEX 기계정비직,가치경영센터장,POSCO-MPPC(멕시코)법인장
이정의,어제,글로벌마케팅조정실 후판수주공정그룹 선재공정섹션,위촉직,PCP,010-3321-1265,자카르타,A조,육아휴직,3FINEX 배가스 에너지회수 시운전 TF,CEO,POSCO-PMPC(마닐라)법인장
이돈영,오늘,글로벌마케팅조정실 후판수주공정그룹 후판공정섹션,자문,Senior PCE,010-1234-1265,인도,B조,예비군훈련,3FINEX 성형탄,선강담당 부소장,POSCO-PWPC(폴란드)법인장
이명훈,내일,글로벌마케팅조정실 후판수주공정그룹 후판수주섹션,초빙,Senior PCP,010-6271-4712,푸네,C조,민방위,3FINEX 성형탄 B.Q_2 Group 설비 담당주치의,선재제어냉각PJT팀장,POSCO-RU(러시아)법인장
변경선,모레,기술경영실,겸직 기술원,공장장,010-333-1265,이탈리아,D조,안식월,3FINEX 용융로,CSP 조업담당 임원,POSCO-SouthAsia(태국)대표법인장
박세현,어제,기술경영실 PT.KP하공정건설협력PJT팀(160711-190228),겸직기술원,국장,010-3245-6302,일본,A조,휴무,3FINEX 용융파트 2반 수처리 기계정비,행정담당 부소장,POSCO-TCS(태국)법인장
임성규,오늘,기술경영실 기술기획그룹,겸직연구원,그룹장,010-2347-1265,말레이시아,B조,연차,3FINEX 원료 성형탄 파트 설비 강건화,POIST실용화추진반장,POSCO-TNPC(터키)법인장
권범필,내일,기술경영실 기술기획그룹 기술교류섹션,겸직행정원,대표법인장,010-5672-1355,멕시코,C조,교육,3FINEX 유동Part 기계 2주임(유동로 및 장입계통),주문외제품ValueUp-PJT팀장,POSCO-Vietnam(베트남)법인장
강민재,모레,기술경영실 기술기획그룹 기술기획섹션,관리이사,대표이사 회장,010-2378-1018,태국,D조,반차,3FINEX 유동로파트 기계정비 업무,자동차소재마케팅실장,POSCO-VST(베트남)법인장
이희재,어제,기술경영실 기술기획그룹 기술정보섹션,비상임B,리더,010-6723-1939,터키,A조,출장,3FINEX 유동파트 1반  HCI 설비담당,HR혁신실장,PT. POSCO-Indonesia Inti(인도네시아)대표법인장
황지은,오늘,기술경영실 기술투자협력그룹,이사,반장,010-2345-6820,호치민,B조,파견,3FINEX 전기정비(수처리) 나의 안전도우미(한주희),정도경영실장,VPS(베트남)법인장
양기호,내일,기술경영실 기술투자협력그룹 투자협력1섹션,L7,법무위원,010-3457-2426,베트남,C조,육아휴직,3HCL,법무실 법무위원,광동순덕포항강판유한공사(중국)법인장
정광선,모레,기술경영실 기술투자협력그룹 투자협력2섹션,L8,법인장,010-3578-4547,인도네시아,D조,예비군훈련,3M/C,STS담당 부소장,광동포항기차판유한공사(중국)법인장
백미화,어제,기술경영실 선강기술그룹,L9,본부장,010-2222-1143,서울,A조,민방위,3M/C L/D Man,광양제철소 행정담당 부소장,장가항포항불수강유한공사(중국)법인장
민지홍,오늘,기술경영실 선강기술그룹 제강섹션,L10,부공장장,010-1234-1143,포항,B조,안식월,3M/C OS,HiFAME연구PJT팀장,중경포항중강기차판유한공사(중국)법인장
하병욱,내일,기술경영실 선강기술그룹 제선섹션,L11,부리더,010-3321-1266,광양,C조,휴무,3PCM 노후설비교체,정보기획실장,청도포항불수강유한공사(중국)법인장
황지수,모레,기술경영실 압연기술그룹,L12,부문장,010-1234-1266,미국,D조,연차,3PCM 합리화 압연수식모델 개발 PJT,PT.KRAKATAU POSCO 생산본부장,MYANMAR-POSCO(미얀마)법인장
권병국,어제,기술경영실 압연기술그룹 STS섹션,감독,부법인장,010-6271-4713,터키,A조,교육,3RH,글로벌마케팅조정실장,POSCO ASSAN TST(터키)법인장
이충효,오늘,기술경영실 압연기술그룹 냉연섹션,보세사,부장,010-333-1266,홍콩,B조,반차,3RH 용강정련작업,전기전자마케팅실장,POSCO Japan PC(일본)법인장
김금렬,내일,기술경영실 압연기술그룹 열연섹션,부소장,부장대우,010-3245-6303,호주,C조,출장,3ZRM,해외사업관리실장,POSCO SS VINA(베트남)법인장
이운호,모레,기술경영실 지적재산그룹,소장,비상임고문,010-2347-1266,캐나다,D조,파견,3ZRM 신설,신사업실장,POSCO Thainox(태국)법인장
윤치배,어제,기술경영실 지적재산그룹 권리화섹션,총괄감독,사무소장,010-5672-1356,중경,A조,육아휴직,3ZRM 신설공사,에너지조선마케팅실장,POSCO Vietnam Holdings(베트남)대표법인장
홍순부,오늘,기술경영실 지적재산그룹 분쟁대응섹션,Chief PCP,사외이사,010-2378-1019,성도,B조,예비군훈련,3ZRM 신설업무,포항연구소장,POSCO Vietnam Holdings(베트남)부법인장
장시용,내일,기술경영실 지적재산그룹 특허기획섹션,Junior PCP,상임이사,010-6723-1940,장흥도,C조,민방위,3ZRM 정비,포항제철소 선강담당 부소장,POSCO-AAPC(알라바마)법인장
박상길,모레,기술연구원 광양연구소,PCE,센터장,010-2345-6821,불산,D조,안식월,3ZRM 정비 (전기),광양제철소 압연담당 부소장,POSCO-Africa(남아공)법인장
김삼봉,어제,기술연구원 연구프로젝트 HiFAME연구PJT팀(150901-171031),Senior PCE,실장,010-3457-2427,중국,A조,휴무,3ZRM 정비(기계),안전생산전략실장,POSCO-America(미국)대표법인장
김연경,오늘,기술연구원 연구프로젝트 PosACT연구PJT팀(170601-191231),공장장,안전파트장,010-3578-4548,길림,B조,연차,3ZRM 파트장,열연설비성능혁신PJT팀장,POSCO-Asia(홍콩)법인장
송하연,내일,기술연구원 연구프로젝트 PosEF연구PJT팀(140601-171231),국장,연구소장,010-2222-1144,심양,C조,교육,3ZRM운전,광양제철소 설비담당 부소장,POSCO-Australia(호주)법인장
서원영,모레,기술투자본부 프로젝트,대표이사 회장,연구원장,010-1234-1144,소주,D조,반차,3고로 1반,PosMAZIC연구PJT팀장,POSCO-Canada(캐나다)법인장
박인홍,어제,기술투자본부 프로젝트 산업신수요확대PJT팀(160830-171231),리더대우,일반,010-3321-1267,천진,A조,출장,3고로 1반 출선,광양연구소장,POSCO-China(중국)대표법인장
여운현,오늘,기술투자본부 프로젝트 용강비정질PJT팀(141001-170630),반장,자문교수,010-1234-1267,우후,B조,파견,3고로 기술원,선재마케팅실장,POSCO-China(중국)부법인장
백영숙,내일,기타 퇴직임원,법인장,자문역,010-6271-4714,연태,C조,육아휴직,3고로 노전반,광양제철소 SNG사업추진반장,POSCO-CSPC(소주)법인장
고영상,모레,노무외주실 기술교육그룹,부공장장,제철소부소장,010-333-1267,슬로베니아,D조,예비군훈련,3고로 노전파트/3고로 1반 출선업무,원료10실장,POSCO-ESDC(슬로베니아)법인장
공효진,어제,노무외주실 기술교육그룹 광양기술교육섹션,부리더,제철소장,010-3245-6304,자카르타,A조,민방위,3고로 조로파트/3고로 2반,원료11실장,POSCO-India(인도)대표법인장
고강주,오늘,노무외주실 기술교육그룹 교육파견(광양),부사장(사내이사),주임,010-2347-1267,인도,B조,안식월,3고로1반,재무실장,POSCO-ITPC(이탈리아)법인장
신재동,내일,노무외주실 기술교육그룹 교육파견(포항),부장(포스코명장),주임급,010-5672-1357,푸네,C조,휴무,3고로1반 B조 출선,유럽사무소장,POSCO-Japan(일본)대표법인장
변방섭,모레,노무외주실 기술교육그룹 대학-엔지니어교육섹션,부장대우,주임대우,010-2378-1020,이탈리아,D조,연차,3고로개수-원료.PCI.EIC,PosACT연구PJT팀장,POSCO-Maharashtra(인도)법인장
홍재화,어제,노무외주실 기술교육그룹 중소기업컨소시엄사무국,사무소장,추진단장,010-6723-1941,일본,A조,교육,3고로기계파트/파트장,홍보위원,POSCO-Malaysia(말레이시아)법인장
김시백,오늘,노무외주실 기술교육그룹 포항기술교육섹션,상무보,추진반장,010-2345-6822,말레이시아,B조,반차,3고로노전파트/3고로1반,포항제철소 안전설비담당 부소장,POSCO-MESDC(멕시코)법인장
손승락,내일,노무외주실 노무기획그룹,센터장,추진반장(기술위원),010-3457-2428,멕시코,C조,출장,3공장 용융로 2반 수처리및 수도설비,엔지니어링솔루션실장,POSCO-Mexico(멕시코)법인장
허민석,모레,노무외주실 노무기획그룹 노무후생섹션,실장,추진반장(연구위원),010-3578-4549,태국,D조,파견,3기 로체연소반,기술투자본부 기술위원 고로개수PJT팀장,POSCO-MKPC(쿠알라룸푸르)법인장
김계형,어제,노무외주실 노무기획그룹 노사문화섹션,연구원,팀장,010-2222-1145,터키,A조,육아휴직,3기 조업 지원(협의회대표),포항제철소 압연담당 부소장,POSCO-MPPC(멕시코)법인장
이삼석,오늘,노무외주실 노무기획그룹 노정섹션,연구위원보,팀장(기술위원),010-1234-1145,호치민,B조,예비군훈련,3기 코크스 & CDQ 설비관리,철강사업전략실장,POSCO-PMPC(마닐라)법인장
여준한,내일,노무외주실 노무기획그룹 인사섹션,전문연구원,팀장(마케팅위원),010-3321-1268,베트남,C조,민방위,3기 코크스운전 및 설비관리,HR경영실장,POSCO-PWPC(폴란드)법인장
이선희,모레,노무외주실 외주기획그룹,추진반장,팀장(연구위원),010-1234-1268,인도네시아,D조,안식월,3기/A조/CDQ 운전 및 관리,투자엔지니어링실장,POSCO-RU(러시아)법인장
황문식,어제,노무외주실 외주기획그룹 외주계약1섹션,팀장,파트장,010-6271-4715,서울,A조,휴무,3기/A조/이동기기 운전 및 관리,철강생산본부 기술위원,POSCO-SouthAsia(태국)대표법인장
손효정,오늘,노무외주실 외주기획그룹 외주계약2섹션,팀리더,파트장(통합),010-333-1268,포항,B조,연차,3기/B조 이동기기운전및관리,GPS제강PJT팀장,POSCO-TCS(태국)법인장
하만진,내일,노무외주실 외주기획그룹 외주기획섹션,사업부장,파트장급,010-3245-6305,광양,C조,교육,3기/B조/CDQ  운전 및 관리,용강비정질PJT팀장,POSCO-TNPC(터키)법인장
김길현,모레,두바이사무소,영업,파트장대우,010-2347-1268,미국,D조,반차,3기/B조/CDQ 운전 및 관리,고Mn강특화솔루션PJT팀장,POSCO-Vietnam(베트남)법인장
문창호,어제,리우데자네이루사무소,조장,홍보위원,010-5672-1358,터키,A조,출장,3기/B조/이동기기 및 CDQ 업무 관리(주임),ER실장,POSCO-VST(베트남)법인장
박준권,오늘,민관합동창조경제추진단,주재원,회장보좌역,010-2378-1021,홍콩,B조,파견,3기/B조/이동기기 운전 및 관리,철강사업본부 연구위원,PT. POSCO-Indonesia Inti(인도네시아)대표법인장
박천수,내일,법무실,지역총괄,Chief PCP,010-6723-1942,호주,C조,육아휴직,3기/B조/이동기기및 CDQ  업무관리(주임),GigaSteel상용화추진반장,VPS(베트남)법인장
허흥구,모레,본강포항냉연박판유한책임공사(중국),파트장,IP PJT 리더,010-2345-6823,캐나다,D조,예비군훈련,3기/C조/CDQ 운전 및 관리,기술연구원장,광동순덕포항강판유한공사(중국)법인장
조인숙,어제,본사근무,SM,Junior PCP,010-3457-2429,중경,A조,민방위,3기/C조/이동기기 및 CDQ 업무 관리(주임),경영전략실장,광동포항기차판유한공사(중국)법인장
오용생,오늘,본사근무 노경협의회근무,그룹원,PCE,010-3578-4550,성도,B조,안식월,3기/C조/이동기기 운전 및 관리,홍보실장,장가항포항불수강유한공사(중국)법인장
성동연,내일,본사근무 신입사원교육,PM,PCP,010-2222-1146,장흥도,C조,휴무,3기/D조/CDQ 운전 및 관리,철강솔루션마케팅실장,중경포항중강기차판유한공사(중국)법인장
한정대,모레,본사근무 자문교수,주임직무대행,Senior PCE,010-1234-1146,불산,D조,연차,3기/D조/이동기기 및 CDQ 업무 관리(주임),설비자재구매실장,청도포항불수강유한공사(중국)법인장
박광욱,어제,본사근무 자문역,PJT전문직,Senior PCP,010-3321-1269,중국,A조,교육,3기/D조/이동기기 운전 및 관리,국내사업관리실장,MYANMAR-POSCO(미얀마)법인장
황효성,오늘,본사부,상임감사,공장장,010-1234-1269,길림,B조,반차,3기/D조/코크스반 주임,스테인리스마케팅실장,POSCO ASSAN TST(터키)법인장
이진용,내일,본사부 일반휴직,실원,국장,010-6271-4716,심양,C조,출장,3기/로체.연소반/3기로체.연소 업무 관리(주임),노무외주실장,POSCO Japan PC(일본)법인장
이원형,모레,사단법인포스코미소금융재단,IP PJT 리더,그룹장,010-333-1269,소주,D조,파견,3기/로체연소반/3기 로체관리,기술경영실장,POSCO SS VINA(베트남)법인장
이형석,어제,서호주사무소,대표법인장,대표법인장,010-3245-6306,천진,A조,육아휴직,3기/로체연소반/3기 연소관리,법무실장,POSCO Thainox(태국)법인장
원정현,오늘,선재마케팅실,법무위원,대표이사 회장,010-2347-1269,우후,B조,예비군훈련,3기/로체파트/로체연소 업무총괄(파트장),포항제철소장,POSCO Vietnam Holdings(베트남)대표법인장
오경석,내일,선재마케팅실 선재솔루션그룹,부문장,리더,010-5672-1359,연태,C조,민방위,3기/이동기기 운전 및 관리,PT.KRAKATAU POSCO 법인장,POSCO Vietnam Holdings(베트남)부법인장
박철준,모레,선재마케팅실 선재솔루션그룹 솔루션개발섹션,부법인장,반장,010-2378-1022,슬로베니아,D조,안식월,3기/조업/이동기기 및 CDQ 업무 총괄(파트장),인니법인장,POSCO-AAPC(알라바마)법인장
이해랑,어제,선재마케팅실 선재솔루션그룹 솔루션판매섹션,상임이사,법무위원,010-6723-1943,자카르타,A조,휴무,3기/조업/이동기기 운전 및 관리,광양제철소장,POSCO-Africa(남아공)법인장
최재량,오늘,선재마케팅실 선재판매그룹,안전파트장,법인장,010-2345-6824,인도,B조,연차,3냉연 2CAL 출측 Local,경영지원본부장,POSCO-America(미국)대표법인장
강태일,내일,선재마케팅실 선재판매그룹 CHQ산업섹션,연구소장,본부장,010-3457-2430,푸네,C조,교육,3냉연 PCM,기술투자본부장,POSCO-Asia(홍콩)법인장
손영림,모레,선재마케팅실 선재판매그룹 경강산업섹션,연구원장,부공장장,010-3578-4551,이탈리아,D조,반차,3냉연 TCM 품질개선활동 및 조직단위 소통문화 개선,철강생산본부장,POSCO-Australia(호주)법인장
김예림,어제,선재마케팅실 선재판매그룹 선재수출섹션,제철소부소장,부리더,010-2222-1147,일본,A조,출장,3냉연 노후설비교체,철강부문장,POSCO-Canada(캐나다)법인장
정성엽,오늘,선재마케팅실 선재판매그룹 자동차선재섹션,제철소장,부문장,010-1234-1147,말레이시아,B조,파견,3냉연 소둔 기계파트장,철강사업본부장,POSCO-China(중국)대표법인장
이석연,내일,선재마케팅실 조강판매그룹,주임급,부법인장,010-3321-1270,멕시코,C조,육아휴직,3냉연 소둔 전기파트장,가치경영센터장,POSCO-China(중국)부법인장
권혁란,모레,선재마케팅실 조강판매그룹 조강제품섹션,주임대우,부장,010-1234-1270,태국,D조,예비군훈련,3냉연공장 안전 및 행복 도우미,CEO,POSCO-CSPC(소주)법인장
김황식,어제,설비자재구매실,추진단장,부장대우,010-6271-4717,터키,A조,민방위,3냉연공장 원가절감 활동 ('17.3.8~6.9),선강담당 부소장,POSCO-ESDC(슬로베니아)법인장
강진경,오늘,설비자재구매실 구매기획그룹,파트장급,비상임고문,010-333-1270,호치민,B조,안식월,3냉연공장 품질관리,선재제어냉각PJT팀장,POSCO-India(인도)대표법인장
김종안,내일,설비자재구매실 구매기획그룹 SRM기획섹션,파트장대우,사무소장,010-3245-6307,베트남,C조,휴무,3도금 검사업무,CSP 조업담당 임원,POSCO-ITPC(이탈리아)법인장
최익화,모레,설비자재구매실 구매기획그룹 광양통관섹션,홍보위원,사외이사,010-2347-1270,인도네시아,D조,연차,3도금공장 엔지니어 (MCL),행정담당 부소장,POSCO-Japan(일본)대표법인장
최종일,어제,설비자재구매실 구매기획그룹 동반성장섹션,회장보좌역,상임이사,010-5672-1360,서울,A조,교육,3도금공장 엔지니어(6CGL),POIST실용화추진반장,POSCO-Maharashtra(인도)법인장
양종열,오늘,설비자재구매실 구매기획그룹 물품표준화섹션,간호사,센터장,010-2378-1023,포항,B조,반차,3도금공장 품질업무,주문외제품ValueUp-PJT팀장,POSCO-Malaysia(말레이시아)법인장
조대경,내일,설비자재구매실 구매기획그룹 포항통관섹션,리더직무대행,실장,010-6723-1944,광양,C조,출장,3선재 냉각,자동차소재마케팅실장,POSCO-MESDC(멕시코)법인장
양재일,모레,설비자재구매실 설비구매그룹,마스터,안전파트장,010-2345-6825,미국,D조,파견,3선재 압연반,HR혁신실장,POSCO-Mexico(멕시코)법인장
홍인표,어제,설비자재구매실 설비구매그룹 EPI구매섹션,본부장대행,연구소장,010-3457-2431,터키,A조,육아휴직,3선재 압연반 선재직,정도경영실장,POSCO-MKPC(쿠알라룸푸르)법인장
이지애,오늘,설비자재구매실 설비구매그룹 공사계약섹션,전문임원,연구원장,010-3578-4552,홍콩,B조,예비군훈련,3선재공장 /정정파트장,법무실 법무위원,POSCO-MPPC(멕시코)법인장
최자용,내일,설비자재구매실 설비구매그룹 설비계약섹션,그룹장대우,일반,010-2222-1148,호주,C조,민방위,3선재공장 압연직,STS담당 부소장,POSCO-PMPC(마닐라)법인장
주높새,모레,설비자재구매실 설비구매그룹 연구설비섹션,비상근이사,자문교수,010-1234-1148,캐나다,D조,안식월,3선재공장 압연파트장,광양제철소 행정담당 부소장,POSCO-PWPC(폴란드)법인장
정충남,어제,설비자재구매실 자재구매그룹,사무직사원,자문역,010-3321-1271,중경,A조,휴무,3선재공장/압연파트/압연반,HiFAME연구PJT팀장,POSCO-RU(러시아)법인장
박은식,오늘,설비자재구매실 자재구매그룹 광양구매섹션,월촉탁,제철소부소장,010-1234-1271,성도,B조,연차,3선탄 CDQ 전기 파트장,정보기획실장,POSCO-SouthAsia(태국)대표법인장
박기남,내일,설비자재구매실 자재구매그룹 광양자재지원섹션,총괄파트장,제철소장,010-6271-4718,장흥도,C조,교육,3성형탄 기계정비,PT.KRAKATAU POSCO 생산본부장,POSCO-TCS(태국)법인장
황진호,모레,설비자재구매실 자재구매그룹 기계부품섹션,전문과장,주임,010-333-1271,불산,D조,반차,3소결 조업및 장입관리 (5층운전실),글로벌마케팅조정실장,POSCO-TNPC(터키)법인장
조길재,어제,설비자재구매실 자재구매그룹 전략자재섹션,전문차장,주임급,010-3245-6308,중국,A조,출장,3소둔기계(3HCL P.O.Reel~Coater 2DRL),전기전자마케팅실장,POSCO-Vietnam(베트남)법인장
정교식,오늘,설비자재구매실 자재구매그룹 친환경자재섹션,직책과장,주임대우,010-2347-1271,길림,B조,파견,3소둔기계(나의 안전짝꿍:이완락),해외사업관리실장,POSCO-VST(베트남)법인장
오지은,내일,설비자재구매실 자재구매그룹 포항자재지원섹션,기술연구소장,추진단장,010-5672-1361,심양,C조,육아휴직,3소둔전기 파트장(나의 안전 짝궁은 이형식),신사업실장,PT. POSCO-Indonesia Inti(인도네시아)대표법인장
이용준,모레,스테인리스마케팅실,센터원,추진반장,010-2378-1024,소주,D조,예비군훈련,3연속소둔파트/연속소둔3반] 입측운전 (나의안전짝꿍: 이상빈 사원),에너지조선마케팅실장,VPS(베트남)법인장
정정민,어제,스테인리스마케팅실 STS솔루션그룹,경영지원실장,추진반장(기술위원),010-6723-1945,천진,A조,민방위,3연속파트 연속소둔3반 Entry 나의안전짝궁 최성민,포항연구소장,광동순덕포항강판유한공사(중국)법인장
김차돌,오늘,스테인리스마케팅실 STS솔루션그룹 솔루션개발섹션,스틸앤건축사업실장,추진반장(연구위원),010-2345-6826,우후,B조,안식월,3연주 3.4MC 기계파트/기계정비,포항제철소 선강담당 부소장,광동포항기차판유한공사(중국)법인장
김선미,내일,스테인리스마케팅실 STS솔루션그룹 솔루션판매섹션,담당임원,팀장,010-3457-2432,연태,C조,휴무,3연주 34MC 기계 파트장,광양제철소 압연담당 부소장,장가항포항불수강유한공사(중국)법인장
강충모,모레,스테인리스마케팅실 STS압연소재판매그룹,대표이사사장,팀장(기술위원),010-3578-4553,슬로베니아,D조,연차,3연주 설비관리,안전생산전략실장,중경포항중강기차판유한공사(중국)법인장
천기석,어제,스테인리스마케팅실 STS압연소재판매그룹 글로벌소재섹션,감사,팀장(마케팅위원),010-2222-1149,자카르타,A조,교육,3연주 설비반,열연설비성능혁신PJT팀장,청도포항불수강유한공사(중국)법인장
임동규,오늘,스테인리스마케팅실 STS압연소재판매그룹 압연소재섹션,주임직무대리,팀장(연구위원),010-1234-1149,인도,B조,반차,3연주 엔지니어,광양제철소 설비담당 부소장,MYANMAR-POSCO(미얀마)법인장
신용현,내일,스테인리스마케팅실 STS에너지강건재판매그룹,촉탁직원,파트장,010-3321-1272,푸네,C조,출장,3연주 정정파트/정정2반,PosMAZIC연구PJT팀장,POSCO ASSAN TST(터키)법인장
서상현,모레,스테인리스마케팅실 STS에너지강건재판매그룹 실수요섹션,파트장직무대리,파트장(통합),010-1234-1272,이탈리아,D조,파견,3연주 제어정비,광양연구소장,POSCO Japan PC(일본)법인장
백문열,어제,스테인리스마케팅실 STS에너지강건재판매그룹 에너지강섹션,PL,파트장급,010-6271-4719,일본,A조,육아휴직,3연주 크레인 기계정비,선재마케팅실장,POSCO SS VINA(베트남)법인장
정모임,오늘,스테인리스마케팅실 STS에너지강건재판매그룹 유통섹션,SL,파트장대우,010-333-1272,말레이시아,B조,예비군훈련,3연주공장,광양제철소 SNG사업추진반장,POSCO Thainox(태국)법인장
강창희,내일,스테인리스마케팅실 STS자동차가전판매그룹,리더직무대리,홍보위원,010-3245-6309,멕시코,C조,민방위,3연주공장 기술원,원료12실장,POSCO Vietnam Holdings(베트남)대표법인장
김재윤,모레,스테인리스마케팅실 STS자동차가전판매그룹 냉연가전섹션,법인장직무대리,회장보좌역,010-2347-1272,태국,D조,안식월,3연주공장 연주파트장,원료13실장,POSCO Vietnam Holdings(베트남)부법인장
박경식,어제,스테인리스마케팅실 STS자동차가전판매그룹 자동차소재섹션,관리장,Chief PCP,010-5672-1362,터키,A조,휴무,3연주공장 정정파트장,재무실장,POSCO-AAPC(알라바마)법인장
정현진,오늘,스테인리스마케팅실 티타늄판매그룹,관장,IP PJT 리더,010-2378-1025,호치민,B조,연차,3연주전기정비 2MC 주조 및 4면 스카퍼,유럽사무소장,POSCO-Africa(남아공)법인장
이종봉,내일,스테인리스마케팅실 티타늄판매그룹 티타늄섹션,데미쉐프,Junior PCP,010-6723-1946,베트남,C조,교육,3연주전기파트장,PosACT연구PJT팀장,POSCO-America(미국)대표법인장
김원경,모레,신사업실,부이사장,PCE,010-2345-6827,인도네시아,D조,반차,3연주정비,홍보위원,POSCO-Asia(홍콩)법인장
유득현,어제,신사업실 PosCCR추진반(170206-181231),부지배인,PCP,010-3457-2433,서울,A조,출장,3연주정정,포항제철소 안전설비담당 부소장,POSCO-Australia(호주)법인장
임승광,오늘,신사업실 PosLX추진반 건설PJT팀,쉐프,Senior PCE,010-3578-4554,포항,B조,파견,3연주제어,엔지니어링솔루션실장,POSCO-Canada(캐나다)법인장
최민규,내일,신사업실 PosLX추진반 기술조업PJT팀,영양사,Senior PCP,010-2222-1150,광양,C조,육아휴직,3용융파트 용융1반 용융로 장입설비,기술투자본부 기술위원 고로개수PJT팀장,POSCO-China(중국)대표법인장
조성준,모레,신사업실 PosLX추진반 기술조업PJT팀 PosLX공장,임원,공장장,010-1234-1150,미국,D조,예비군훈련,3전강 소둔전기 (3HCL),포항제철소 압연담당 부소장,POSCO-China(중국)부법인장
주종일,어제,신사업실 PosLX추진반 사업기획PJT팀,점장,국장,010-3321-1273,터키,A조,민방위,3전강 압연기계파트 (3APL),철강사업전략실장,POSCO-CSPC(소주)법인장
정병철,오늘,신사업실 PosMAF추진반,조리반장직무대행,그룹장,010-1234-1273,홍콩,B조,안식월,3전강 출입보안업무,HR경영실장,POSCO-ESDC(슬로베니아)법인장
박재복,내일,신사업실 PosMAF추진반 Mg판재공장,조리사,대표법인장,010-6271-4720,호주,C조,휴무,3전강압연기계_2ZRM,투자엔지니어링실장,POSCO-India(인도)대표법인장
허환,모레,신사업실 PosMAF추진반 Mg판재연구섹션,조리실장,대표이사 회장,010-333-1273,캐나다,D조,연차,3전기강판공장 3HCL 자재,철강생산본부 기술위원,POSCO-ITPC(이탈리아)법인장
이인수,어제,신사업실 PosMAF추진반 WPM마그네슘기술개발사무국,지배인,리더,010-3245-6310,중경,A조,교육,3제강 2RH,GPS제강PJT팀장,POSCO-Japan(일본)대표법인장
이석,오늘,신사업실 PosMAF추진반(150202-181231),캡틴,반장,010-2347-1273,성도,B조,반차,3제강 2RH 정련업무,용강비정질PJT팀장,POSCO-Maharashtra(인도)법인장
김재영,내일,신사업실 PosNEP추진반(120102-181231),그룹리더,법무위원,010-5672-1363,장흥도,C조,출장,3제강 Crane 전기정비,고Mn강특화솔루션PJT팀장,POSCO-Malaysia(말레이시아)법인장
김종형,모레,신사업실 신사업기획그룹,코치,법인장,010-2378-1026,불산,D조,파견,# 4APL,ER실장,POSCO-MESDC(멕시코)법인장
석병설,어제,신사업실 신사업기획그룹 Mg정련섹션,행정실장,본부장,010-6723-1947,중국,A조,육아휴직,#2 DCNL  (탈탄소둔반),철강사업본부 연구위원,POSCO-Mexico(멕시코)법인장
이학곤,오늘,신사업실 신사업기획그룹 사업기획섹션,비상임자문위원,부공장장,010-2345-6828,길림,B조,예비군훈련,#2CAL 연속소둔 (BP),GigaSteel상용화추진반장,POSCO-MKPC(쿠알라룸푸르)법인장
조석주,내일,신사업실 신사업기획그룹 신성장기술섹션,연구위원,부리더,010-3457-2434,심양,C조,민방위,#2CAL 입측,기술연구원장,POSCO-MPPC(멕시코)법인장
조이현,모레,신사업실 신사업기획그룹 신소재섹션,초빙연구원,부문장,010-3578-4555,소주,D조,안식월,#2DNL코타운전,경영전략실장,POSCO-PMPC(마닐라)법인장
황병규,어제,신사업실 신사업기획그룹 이차전지소재섹션,관제사,부법인장,010-2222-1151,천진,A조,휴무,#2HCL 세계최고의 전기강판생산,홍보실장,POSCO-PWPC(폴란드)법인장
윤동현,오늘,아르헨티나사무소,관제팀장,부장,010-1234-1151,우후,B조,연차,#3 HCL,철강솔루션마케팅실장,POSCO-RU(러시아)법인장
권오병,내일,안전생산전략실,궤도팀장,부장대우,010-3321-1274,연태,C조,교육,#3ACL,설비자재구매실장,POSCO-SouthAsia(태국)대표법인장
모영락,모레,안전생산전략실 글로벌O&M기획그룹,기술부장,비상임고문,010-1234-1274,슬로베니아,D조,반차,#3ACL 업무,국내사업관리실장,POSCO-TCS(태국)법인장
양진규,어제,안전생산전략실 글로벌O&M기획그룹 IE섹션,기술팀장,사무소장,010-6271-4721,자카르타,A조,출장,#3ACL 업무(소둔직),스테인리스마케팅실장,POSCO-TNPC(터키)법인장
한은혜,오늘,안전생산전략실 글로벌O&M기획그룹 생산기획섹션,산업안전관리자,사외이사,010-333-1274,인도,B조,파견,#3ACL 품질검사(안전짝궁:이춘우),노무외주실장,POSCO-Vietnam(베트남)법인장
홍종인,내일,안전생산전략실 글로벌O&M기획그룹 설비기획섹션,운영팀장,상임이사,010-3245-6311,푸네,C조,육아휴직,#3APL,기술경영실장,POSCO-VST(베트남)법인장
정용걸,모레,안전생산전략실 글로벌O&M기획그룹 품질경영기획섹션,차량팀장,센터장,010-2347-1274,이탈리아,D조,예비군훈련,#3DNL,법무실장,PT. POSCO-Indonesia Inti(인도네시아)대표법인장
김희경,어제,안전생산전략실 글로벌O&M기획그룹 품질인증진단섹션,그룹장 직무대행,실장,010-5672-1364,일본,A조,민방위,#3PCM,포항제철소장,VPS(베트남)법인장
유일권,오늘,안전생산전략실 글로벌안전보건그룹,관리자,안전파트장,010-2378-1027,말레이시아,B조,안식월,#3RH [나의안전짝꿍:김경환선배님],PT.KRAKATAU POSCO 법인장,광동순덕포항강판유한공사(중국)법인장
정춘홍,내일,안전생산전략실 글로벌안전보건그룹 안전기획섹션,경영지원팀장,연구소장,010-6723-1948,멕시코,C조,휴무,#4 Annealing & Pickling Line,인니법인장,광동포항기차판유한공사(중국)법인장
송지영,모레,안전생산전략실 글로벌안전보건그룹 안전진단섹션,고문,연구원장,010-2345-6829,태국,D조,연차,#4 ZRM 신설팀,광양제철소장,장가항포항불수강유한공사(중국)법인장
윤숙구,어제,안전생산전략실 글로벌안전보건그룹 재난보건섹션,과장,일반,010-3457-2435,터키,A조,교육,#4ACL,경영지원본부장,중경포항중강기차판유한공사(중국)법인장
손동환,오늘,안전생산전략실 해외조업기술지원그룹,신미,자문교수,010-3578-4556,호치민,B조,반차,#4ACL /나의 안전짝꿍(이성신),기술투자본부장,청도포항불수강유한공사(중국)법인장
박승택,내일,안전생산전략실 해외조업기술지원그룹 CSP기술협력,기술이사,자문역,010-2222-1152,베트남,C조,출장,#4ACL 나의안전짝꿍  손호열,철강생산본부장,MYANMAR-POSCO(미얀마)법인장
오정혁,모레,안전생산전략실 해외조업기술지원그룹 기획섹션,대리,제철소부소장,010-1234-1152,인도네시아,D조,파견,#4ACL 조업,철강부문장,POSCO ASSAN TST(터키)법인장
임준오,어제,안전생산전략실 해외조업기술지원그룹 냉연섹션,발전운영팀장,제철소장,010-3321-1275,서울,A조,육아휴직,#4HCL 운전,철강사업본부장,POSCO Japan PC(일본)법인장
박시영,오늘,안전생산전략실 해외조업기술지원그룹 도금섹션,설비기술팀장,주임,010-1234-1275,포항,B조,예비군훈련,#BLOOM 주조작업,가치경영센터장,POSCO SS VINA(베트남)법인장
고기연,내일,에너지조선마케팅실,안전보건혁신팀장,주임급,010-6271-4722,광양,C조,민방위,&quot;Biz Model 구축으로 해외가공센터 경쟁력 강화&quot; 프로젝트수행,CEO,POSCO Thainox(태국)법인장
이원석,모레,에너지조선마케팅실 산업기계소재판매그룹,연료화운영팀장,주임대우,010-333-1275,미국,D조,안식월,(1MC기계파트)2MC정정설비,선강담당 부소장,POSCO Vietnam Holdings(베트남)대표법인장
한상빈,어제,에너지조선마케팅실 산업기계소재판매그룹 산기소재섹션,주무,추진단장,010-3245-6312,터키,A조,휴무,(2코크스 오븐공정) HMI 운전및 설비관리,선재제어냉각PJT팀장,POSCO Vietnam Holdings(베트남)부법인장
박효성,오늘,에너지조선마케팅실 에너지소재판매그룹,Director,추진반장,010-2347-1275,홍콩,B조,연차,(2도금 도금3반 주임) 생산/품질/설비관리,CSP 조업담당 임원,POSCO-AAPC(알라바마)법인장
강예찬,내일,에너지조선마케팅실 에너지소재판매그룹 플랜트내수섹션,Staff,추진반장(기술위원),010-5672-1365,호주,C조,교육,(2제강 기중기 파트 / 기중기 3반) 물류 전도사,행정담당 부소장,POSCO-Africa(남아공)법인장
김선빈,모레,에너지조선마케팅실 에너지소재판매그룹 플랜트수출섹션,Driver,추진반장(연구위원),010-2378-1028,캐나다,D조,반차,(2제강 기중기 파트/기중기 3반)용강기중기 운전,POIST실용화추진반장,POSCO-America(미국)대표법인장
최대흥,어제,에너지조선마케팅실 에너지조선솔루션그룹,E4,팀장,010-6723-1949,중경,A조,출장,(2제강 기중기 파트/기중기2반 용강기중기 운전,주문외제품ValueUp-PJT팀장,POSCO-Asia(홍콩)법인장
이하종,오늘,에너지조선마케팅실 에너지조선솔루션그룹 조선산기섹션,주임,팀장(기술위원),010-2345-6830,성도,B조,파견,(3제강 기중기파트/기중기반)용강기중기운전,자동차소재마케팅실장,POSCO-Australia(호주)법인장
이영헌,내일,에너지조선마케팅실 에너지조선솔루션그룹 플랜트섹션,E7,팀장(마케팅위원),010-3457-2436,장흥도,C조,육아휴직,(3CGL파트 도금3반) 검사업무.출측운전,HR혁신실장,POSCO-Canada(캐나다)법인장
안민재,모레,에너지조선마케팅실 조선소재판매그룹,E8,팀장(연구위원),010-3578-4557,불산,D조,예비군훈련,(4용융로파트) 용융로 Tower 및 Utility 설비 정비업무,정도경영실장,POSCO-China(중국)대표법인장
조병철,어제,에너지조선마케팅실 조선소재판매그룹 대우조선해양KAM섹션,과장대우,파트장,010-2222-1153,중국,A조,민방위,(3전강 정정파트) 4HCL 운전,법무실 법무위원,POSCO-China(중국)부법인장
엄재선,오늘,에너지조선마케팅실 조선소재판매그룹 삼성중공업KAM섹션,E9,파트장(통합),010-1234-1153,길림,B조,안식월,(4제강기중기파트/ 기중기반 )용강 기중기 운전직,STS담당 부소장,POSCO-CSPC(소주)법인장
박병낙,내일,에너지조선마케팅실 조선소재판매그룹 조선소재섹션,E10,파트장급,010-3321-1276,심양,C조,휴무,(5CGL 도금2반) 중앙운전,광양제철소 행정담당 부소장,POSCO-ESDC(슬로베니아)법인장
채수빈,모레,에너지조선마케팅실 조선소재판매그룹 현대중공업KAM섹션,차장,파트장대우,010-1234-1276,소주,D조,연차,(6CGL 입측운전)알카리 농도관리,HiFAME연구PJT팀장,POSCO-India(인도)대표법인장
김병관,어제,에너지환경사업실,G12,홍보위원,010-6271-4723,천진,A조,교육,(6CGL출측) 출측/검사,정보기획실장,POSCO-ITPC(이탈리아)법인장
전윤호,오늘,에너지환경사업실 가스사업그룹,Manager,회장보좌역,010-333-1276,우후,B조,반차,(5CGL파트 도금2반) 입측운전,PT.KRAKATAU POSCO 생산본부장,POSCO-Japan(일본)대표법인장
정우영,내일,에너지환경사업실 가스사업그룹 가스인프라섹션,G12A,Chief PCP,010-3245-6313,연태,C조,출장,(7CGL 입측) ACT 농도관리,글로벌마케팅조정실장,POSCO-Maharashtra(인도)법인장
이호상,모레,에너지환경사업실 가스사업그룹 발전유틸리티섹션,G12B,IP PJT 리더,010-2347-1276,슬로베니아,D조,파견,(7CGL)전처리 AL농도,전기전자마케팅실장,POSCO-Malaysia(말레이시아)법인장
금용호,어제,에너지환경사업실 신재생에너지그룹,G11,Junior PCP,010-5672-1366,자카르타,A조,육아휴직,(6CGL파트 도금3반) 입측운전,해외사업관리실장,POSCO-MESDC(멕시코)법인장
최대삼,오늘,에너지환경사업실 신재생에너지그룹 마이크로그리드섹션,G12,PCE,010-2378-1029,인도,B조,예비군훈련,(6CGL파트 도금3반)중앙운전,신사업실장,POSCO-Mexico(멕시코)법인장
정경일,내일,에너지환경사업실 신재생에너지그룹 신재생에너지사업섹션,G13,PCP,010-6723-1950,푸네,C조,민방위,(6CGL파트.도금3반)검사.출측운전,에너지조선마케팅실장,POSCO-MKPC(쿠알라룸푸르)법인장
박창권,모레,에너지환경사업실 에너지환경기획그룹,G7,Senior PCE,010-2345-6831,이탈리아,D조,안식월,(6cgl파트.도금3반)중앙운전,포항연구소장,POSCO-MPPC(멕시코)법인장
정우헌,어제,에너지환경사업실 에너지환경기획그룹 에너지기획섹션,P1,Senior PCP,010-3457-2437,일본,A조,휴무,(7 CGL파트 CCL 도금3반)출측 검사,포항제철소 선강담당 부소장,POSCO-PMPC(마닐라)법인장
김용태,오늘,에너지환경사업실 환경사업그룹,P10,공장장,010-3578-4558,말레이시아,B조,연차,(A조)기중기 주임,광양제철소 압연담당 부소장,POSCO-PWPC(폴란드)법인장
박성춘,내일,에너지환경사업실 환경사업그룹 옥계정화PJT팀(150202-170630),P2,국장,010-2222-1154,멕시코,C조,교육,(CGL/A조)주임/안전짝꿍:이대영,안전생산전략실장,POSCO-RU(러시아)법인장
장욱수,모레,에너지환경사업실 환경사업그룹 포스멘트사업섹션,P3,그룹장,010-1234-1154,태국,D조,반차,(D조) 검사파트 STS/ 소재품질검사,열연설비성능혁신PJT팀장,POSCO-SouthAsia(태국)대표법인장
배상진,어제,엔지니어링솔루션실,P5,대표법인장,010-3321-1277,터키,A조,출장,(D조)용강기중기운전,광양제철소 설비담당 부소장,POSCO-TCS(태국)법인장
서석진,오늘,엔지니어링솔루션실 CEM연구PJT팀(170303-171231),P6,대표이사 회장,010-1234-1277,호치민,B조,파견,(HCGL) 산세 도금직,PosMAZIC연구PJT팀장,POSCO-TNPC(터키)법인장
김용세,내일,엔지니어링솔루션실 기계설비연구그룹,P7,리더,010-6271-4724,베트남,C조,육아휴직,(KP) 원료기계정비 컨설턴트,광양연구소장,POSCO-Vietnam(베트남)법인장
남상진,모레,엔지니어링솔루션실 열유체공정연구그룹,P8,반장,010-333-1277,인도네시아,D조,예비군훈련,(MCL파트 MCL도금반) 입출측 운전작업,선재마케팅실장,POSCO-VST(베트남)법인장
석건웅,어제,엔지니어링솔루션실 제어계측연구그룹,P9,법무위원,010-3245-6314,서울,A조,민방위,(MCL파트 MCL도금반)제품검사,광양제철소 SNG사업추진반장,PT. POSCO-Indonesia Inti(인도네시아)대표법인장
이진수,오늘,연구기획그룹,PCP,법인장,010-2347-1277,포항,B조,안식월,(Mg판재) 자동차향 수요개발,원료14실장,VPS(베트남)법인장
황영택,내일,연구기획그룹 과제기획섹션,Senior,본부장,010-5672-1367,광양,C조,휴무,(POSCO-Vietnam) 경영지원실,원료15실장,광동순덕포항강판유한공사(중국)법인장
신수용,모레,연구기획그룹 과제운영섹션,Supervisor,부공장장,010-2378-1030,미국,D조,연차,(POSCO-Vietnam) 내수판매부장,재무실장,광동포항기차판유한공사(중국)법인장
김봉휘,어제,연구기획그룹 연구원지원섹션,계약직사원,부리더,010-6723-1951,터키,A조,교육,(POSCO-Vietnam) 재무부장,유럽사무소장,장가항포항불수강유한공사(중국)법인장
정재철,오늘,연구기획그룹 정보보안섹션,계장,부문장,010-2345-6832,홍콩,B조,반차,(POSCO-Vietnam) 정비부장,PosACT연구PJT팀장,중경포항중강기차판유한공사(중국)법인장
박삼규,내일,원료1실 석탄그룹,리더,부법인장,010-3457-2438,호주,C조,출장,(PT.KP 파견)크레인 기계정비 총괄,홍보위원,청도포항불수강유한공사(중국)법인장
고성진,모레,원료1실 석탄그룹 석탄1섹션,매니저,부장,010-3578-4559,캐나다,D조,파견,(Posco-Vietnam) 품질서비스부장 (한국-3hr),포항제철소 안전설비담당 부소장,MYANMAR-POSCO(미얀마)법인장
최태성,어제,원료1실 석탄그룹 석탄2섹션,부사장,부장대우,010-2222-1155,중경,A조,육아휴직,(R&D지원_강구조시험)시험지원총괄(PR207),엔지니어링솔루션실장,POSCO ASSAN TST(터키)법인장
오선학,오늘,원료1실 원료사업그룹,부장,비상임고문,010-1234-1155,성도,B조,예비군훈련,(Staff)안전직[연구1동 342호],기술투자본부 기술위원 고로개수PJT팀장,POSCO Japan PC(일본)법인장
박은수,내일,원료1실 원료사업그룹 사업관리섹션,사원,사무소장,010-3321-1278,장흥도,C조,민방위,(경남TSC)울산/양산/밀양/동부산 비자동차 제품담당(울산시 신정동),포항제철소 압연담당 부소장,POSCO SS VINA(베트남)법인장
조민자,모레,원료1실 원료수송그룹,상무급,사외이사,010-1234-1278,불산,D조,안식월,(경남TSC)울산/양산/북부산/대구지역 자동차제품 담당 (울산 신정동),철강사업전략실장,POSCO Thainox(태국)법인장
임대현,어제,원료1실 원료수송그룹 원료수송계약섹션,이사부장,상임이사,010-6271-4725,중국,A조,휴무,(고로개수PJT팀 파견)고로개수업무,HR경영실장,POSCO Vietnam Holdings(베트남)대표법인장
이진욱,오늘,원료2실 STS원료그룹,자문역A,센터장,010-333-1278,길림,B조,연차,(광)1연주공장 2M/C 주조직,투자엔지니어링실장,POSCO Vietnam Holdings(베트남)부법인장
박성부,내일,원료2실 STS원료그룹 STS스크랩섹션,자문역B,실장,010-3245-6315,심양,C조,교육,(광)1연주공장 조업2파트장,철강생산본부 기술위원,POSCO-AAPC(알라바마)법인장
양진선,모레,원료2실 STS원료그룹 니켈크롬섹션,전무,안전파트장,010-2347-1278,소주,D조,반차,(광)50/60Kg급 재료설계및 진행관리(동관20층),GPS제강PJT팀장,POSCO-Africa(남아공)법인장
홍일표,어제,원료2실 광석그룹,지사장,연구소장,010-5672-1368,천진,A조,출장,(광)냉연/도금(동관20층),용강비정질PJT팀장,POSCO-America(미국)대표법인장
전영복,오늘,원료2실 광석그룹 수입광석섹션,현장실습생,연구원장,010-2378-1031,우후,B조,파견,(광)수주업무(동관20층),고Mn강특화솔루션PJT팀장,POSCO-Asia(홍콩)법인장
엄희경,내일,원료2실 제강원료그룹,사장,일반,010-6723-1952,연태,C조,육아휴직,(광양)연구장치_사양검토/검수/FAT,ER실장,POSCO-Australia(호주)법인장
문성돌,모레,원료2실 제강원료그룹 철원비철섹션,상무이사,자문교수,010-2345-6833,슬로베니아,D조,예비군훈련,(광양)제강부 경쟁력 향상,철강사업본부 연구위원,POSCO-Canada(캐나다)법인장
정일모,어제,원료2실 제강원료그룹 합금철류섹션,총괄업무,자문역,010-3457-2439,자카르타,A조,민방위,(광양)후판부 열처리업무,GigaSteel상용화추진반장,POSCO-China(중국)대표법인장
남장현,오늘,유럽사무소,P6,제철소부소장,010-3578-4560,인도,B조,안식월,(광양구매) 광양구매 및 재활용 총괄,기술연구원장,POSCO-China(중국)부법인장
안윤기,내일,이란사무소,P7A,제철소장,010-2222-1156,푸네,C조,휴무,(기계기술.투자),경영전략실장,POSCO-CSPC(소주)법인장
이귀영,모레,임시조직,P7B,주임,010-1234-1156,이탈리아,D조,연차,(기기운전파트/기기운전설비반)슬러지처리실,홍보실장,POSCO-ESDC(슬로베니아)법인장
김택천,어제,임원,기술위원,주임급,010-3321-1279,일본,A조,교육,(기술 AE108)  HPF201톤 성형 Test,철강솔루션마케팅실장,POSCO-India(인도)대표법인장
이철무,오늘,자동차소재마케팅실,대리을,주임대우,010-1234-1279,말레이시아,B조,반차,(기술)공사설계,설비자재구매실장,POSCO-ITPC(이탈리아)법인장
윤대호,내일,자동차소재마케팅실 자동차강판수출1그룹,수석,추진단장,010-6271-4726,멕시코,C조,출장,(기술)후판관련업무,국내사업관리실장,POSCO-Japan(일본)대표법인장
신동희,모레,자동차소재마케팅실 자동차강판수출1그룹 동남아섹션,주무을,추진반장,010-333-1279,태국,D조,파견,(기술개발섹션) 선재 계측기 관리 및 모니터링,스테인리스마케팅실장,POSCO-Maharashtra(인도)법인장
윤상근,어제,자동차소재마케팅실 자동차강판수출1그룹 서남아섹션,외주직,추진반장(기술위원),010-3245-6316,터키,A조,육아휴직,(동관 11층) 지적재산 업무 총괄,노무외주실장,POSCO-Malaysia(말레이시아)법인장
박도출,오늘,자동차소재마케팅실 자동차강판수출1그룹 일본섹션,자문역,추진반장(연구위원),010-2347-1279,호치민,B조,예비군훈련,(박판)소재 품질 향상 및 제강성 부적합 개선,기술경영실장,POSCO-MESDC(멕시코)법인장
심민석,내일,자동차소재마케팅실 자동차강판수출2그룹,자문위원,팀장,010-5672-1369,베트남,C조,민방위,(산소운전파트/산소운전반)11.13 PLANT 운전,법무실장,POSCO-Mexico(멕시코)법인장
김종선,모레,자동차소재마케팅실 자동차강판수출2그룹 르노닛산KAM섹션,A3,팀장(기술위원),010-2378-1032,인도네시아,D조,안식월,(상주) 연주 통합파트 총괄,포항제철소장,POSCO-MKPC(쿠알라룸푸르)법인장
이창선,어제,자동차소재마케팅실 자동차강판수출2그룹 미주유럽섹션,E25,팀장(마케팅위원),010-6723-1953,서울,A조,휴무,(설비반) PCI 설비관리,PT.KRAKATAU POSCO 법인장,POSCO-MPPC(멕시코)법인장
김기수,오늘,자동차소재마케팅실 자동차강판수출2그룹 중국섹션,E31,팀장(연구위원),010-2345-6834,포항,B조,연차,(설비진단 파트) 설비진단 및 기술 총괄(안전짝꿍:이상우파트장),인니법인장,POSCO-PMPC(마닐라)법인장
박중찬,내일,자동차소재마케팅실 자동차강판판매그룹,P17,파트장,010-3457-2440,광양,C조,교육,(성형시험) 3D CAD modeling [연구2동 525],광양제철소장,POSCO-PWPC(폴란드)법인장
박남식,모레,자동차소재마케팅실 자동차강판판매그룹 부품사소재1섹션,P18,파트장(통합),010-3578-4561,미국,D조,반차,(소둔파트/ 연속 소둔반) 입측 담당,경영지원본부장,POSCO-RU(러시아)법인장
강형윤,어제,자동차소재마케팅실 자동차강판판매그룹 부품사소재2섹션,P19,파트장급,010-2222-1157,터키,A조,출장,(수질관리 파트)배열회수 수질관리반,기술투자본부장,POSCO-SouthAsia(태국)대표법인장
김요창,오늘,자동차소재마케팅실 자동차강판판매그룹 완성차소재섹션,Advisor,파트장대우,010-1234-1157,홍콩,B조,파견,(압연/수처리) 수처리 유실 Utility 설비 관리,철강생산본부장,POSCO-TCS(태국)법인장
김종균,내일,자동차소재마케팅실 자동차강판판매그룹 현대기아차KAM섹션,일반,홍보위원,010-3321-1280,호주,C조,육아휴직,(압연파트 압연반) 압연주임,철강부문장,POSCO-TNPC(터키)법인장
임준일,모레,자동차소재마케팅실 자동차소재솔루션그룹,계약직,회장보좌역,010-1234-1280,캐나다,D조,예비군훈련,(압연파트/가열반)가열로 관련,철강사업본부장,POSCO-Vietnam(베트남)법인장
백남근,어제,자동차소재마케팅실 자동차소재솔루션그룹 경남TSC,일반직,Chief PCP,010-6271-4727,중경,A조,민방위,(압연파트/압연반) STS 냉연직,가치경영센터장,POSCO-VST(베트남)법인장
진석재,오늘,자동차소재마케팅실 자동차소재솔루션그룹 고객서비스섹션,총괄직,IP PJT 리더,010-333-1280,성도,B조,안식월,(압연파트/압연반) 냉간압연직 수행,CEO,PT. POSCO-Indonesia Inti(인도네시아)대표법인장
이지훈,내일,자동차소재마케팅실 자동차소재솔루션그룹 솔루션개발섹션,Sr.Manager,Junior PCP,010-3245-6317,장흥도,C조,휴무,(압연파트/압연반)PCM 출측운전(안전짝궁-고경완님),선강담당 부소장,VPS(베트남)법인장
오수진,모레,자동차소재마케팅실 자동차소재솔루션그룹 솔루션판매섹션,대리갑,PCE,010-2347-1280,불산,D조,연차,(압연파트/압연반)압연D조 압연 안전짞꿍:윤한빛,선재제어냉각PJT팀장,광동순덕포항강판유한공사(중국)법인장
정석율,어제,장가항포항불수강유한공사(중국),부총괄직,PCP,010-5672-1370,중국,A조,교육,(양소)후판/선재(동관20층),CSP 조업담당 임원,광동포항기차판유한공사(중국)법인장
심도석,오늘,재단법인포스코청암재단,사원갑,Senior PCE,010-2378-1033,길림,B조,반차,(에너지진단파트/열설비진단반)열설비진단,행정담당 부소장,장가항포항불수강유한공사(중국)법인장
손승인,내일,재단법인포항테크노파크,주무갑,Senior PCP,010-6723-1954,심양,C조,출장,(연구) 극후물 절단기술 개발,POIST실용화추진반장,중경포항중강기차판유한공사(중국)법인장
김동수,모레,재무실,PJT일반직,공장장,010-2345-6835,소주,D조,파견,(연구) 후판압연 공정설비 기술개발,주문외제품ValueUp-PJT팀장,청도포항불수강유한공사(중국)법인장
김종재,어제,재무실 IR그룹,과장급,국장,010-3457-2441,천진,A조,육아휴직,(연구)제선/FINEX 원료처리 공정개발,자동차소재마케팅실장,MYANMAR-POSCO(미얀마)법인장
박병순,오늘,재무실 IR그룹 IR섹션,기타비상무이사,그룹장,010-3578-4562,우후,B조,예비군훈련,(연주파트/설비점검반)  설비점검,HR혁신실장,POSCO ASSAN TST(터키)법인장
권영철,내일,재무실 세무그룹,대리급,대표법인장,010-2222-1158,연태,C조,민방위,(연주파트/연주2반)OS3주조직,정도경영실장,POSCO Japan PC(일본)법인장
안동규,모레,재무실 세무그룹 국제조세섹션,부장급,대표이사 회장,010-1234-1158,슬로베니아,D조,안식월,(연주파트/연주반)연속주조,법무실 법무위원,POSCO SS VINA(베트남)법인장
구본희,어제,재무실 세무그룹 세무기획섹션,사원급,리더,010-3321-1281,자카르타,A조,휴무,(용강비정질PJT) 냉각담당업무,STS담당 부소장,POSCO Thainox(태국)법인장
송경태,오늘,재무실 세무그룹 자산관리섹션,상무보대우,반장,010-1234-1281,인도,B조,연차,(용접설비파트) 철구조물제작및용접업무 . 협의회위원,광양제철소 행정담당 부소장,POSCO Vietnam Holdings(베트남)대표법인장
하승봉,내일,재무실 원가그룹,연봉계약직,법무위원,010-6271-4728,푸네,C조,교육,(운전부문 / 기중기3반) 용강기중기운전,HiFAME연구PJT팀장,POSCO Vietnam Holdings(베트남)부법인장
조성백,모레,재무실 원가그룹 광양원가섹션,임시직,법인장,010-333-1281,이탈리아,D조,반차,(인니)PT.KP오븐 선탄 화성 기계 컨설턴트,정보기획실장,POSCO-AAPC(알라바마)법인장
최근열,어제,재무실 원가그룹 원가기획섹션,임원급,본부장,010-3245-6318,일본,A조,출장,(일본 MR) 일본 지역 (도요다/혼다) 고객서비스 활동 및 일본고객사 VOC  접수,PT.KRAKATAU POSCO 생산본부장,POSCO-Africa(남아공)법인장
박중길,오늘,재무실 원가그룹 포항원가섹션,자문역,부공장장,010-2347-1281,말레이시아,B조,파견,(자문교수) 도금기술지원,글로벌마케팅조정실장,POSCO-America(미국)대표법인장
권순태,내일,재무실 자금그룹,차장급,부리더,010-5672-1371,멕시코,C조,육아휴직,(재료시험분석) EBSD XRD 구조분석[연구1동 340],전기전자마케팅실장,POSCO-Asia(홍콩)법인장
이민우,모레,재무실 자금그룹 국내금융섹션,파견직,부문장,010-2378-1034,태국,D조,예비군훈련,(재료시험분석) 재료시험분석파트 업무총괄 / KOLAS 평가사[연구1동 340],해외사업관리실장,POSCO-Australia(호주)법인장
이현정,어제,재무실 자금그룹 국제금융섹션,비상근 이사,부법인장,010-6723-1955,터키,A조,민방위,(재료시험분석) 전자기물성분석 [연구1동 P340],신사업실장,POSCO-Canada(캐나다)법인장
송영록,오늘,재무실 자금그룹 자금관리섹션,P3A,부장,010-2345-6836,호치민,B조,안식월,(정정3파트 정정2반) 4-3RCL 품질검사업무,에너지조선마케팅실장,POSCO-China(중국)대표법인장
윤진혁,내일,재무실 직장상호금융설립PJT팀(161017-170630),P3B,부장대우,010-3457-2442,베트남,C조,휴무,(정정진행실)정정파트 총괄,포항연구소장,POSCO-China(중국)부법인장
변영섭,모레,재무실 회계그룹,노조위원장,비상임고문,010-3578-4563,인도네시아,D조,연차,(정정파트/정정반)CPL&RCL담당/안전짝꿍:최종찬,포항제철소 선강담당 부소장,POSCO-CSPC(소주)법인장
신은정,어제,재무실 회계그룹 별도회계섹션,부관리직,사무소장,010-2222-1159,서울,A조,교육,(제강) STS 제강 연주,광양제철소 압연담당 부소장,POSCO-ESDC(슬로베니아)법인장
임태규,오늘,재무실 회계그룹 연결회계섹션,비상근연봉계약직,사외이사,010-1234-1159,포항,B조,반차,(제강기계파트) 3RH 기계정비,안전생산전략실장,POSCO-India(인도)대표법인장
정명기,내일,전기전자마케팅실,비상임고문,상임이사,010-3321-1282,광양,C조,출장,(조업2파트 조업3반) 출선업무,열연설비성능혁신PJT팀장,POSCO-ITPC(이탈리아)법인장
김태주,모레,전기전자마케팅실 가공소재판매그룹,선임,센터장,010-1234-1282,미국,D조,파견,(조업2파트/조업2반)조업3주임,광양제철소 설비담당 부소장,POSCO-Japan(일본)대표법인장
허문선,어제,전기전자마케팅실 가공소재판매그룹 냉연가공소재섹션,대표위원,실장,010-6271-4729,터키,A조,육아휴직,(철도운영2파트/철도3반) 기관차운전(D조),PosMAZIC연구PJT팀장,POSCO-Maharashtra(인도)법인장
주용휘,오늘,전기전자마케팅실 가공소재판매그룹 열연가공소재섹션,상무,안전파트장,010-333-1282,홍콩,B조,예비군훈련,(파견) 가전/냉연 이용기술 (동관 8층),광양연구소장,POSCO-Malaysia(말레이시아)법인장
정혜인,내일,전기전자마케팅실 가공소재판매그룹 후판가공소재섹션,선임연구원,연구소장,010-3245-6319,호주,C조,민방위,(파견) 선재압연 공형 설계/해석 (기술연구원 기계설비연구그룹),선재마케팅실장,POSCO-MESDC(멕시코)법인장
강재철,모레,전기전자마케팅실 가전강판판매그룹,수석연구원,연구원장,010-2347-1282,캐나다,D조,안식월,(파견) 인니 PT-KP제강,광양제철소 SNG사업추진반장,POSCO-Mexico(멕시코)법인장
배한수,어제,전기전자마케팅실 가전강판판매그룹 가전KAM섹션,위원,일반,010-5672-1372,중경,A조,휴무,(파견)FeMn공장 프로세스 개선 PJT (페로망간공장 Vision Center 2층),원료16실장,POSCO-MKPC(쿠알라룸푸르)법인장
백주영,오늘,전기전자마케팅실 가전강판판매그룹 가전소재섹션,책임연구원,자문교수,010-2378-1035,성도,B조,연차,(파견)FeMn공장 프로세스 개선 PJT (페로망간공장 Vision Center),원료17실장,POSCO-MPPC(멕시코)법인장
양경선,내일,전기전자마케팅실 가전강판판매그룹 해외가전섹션,자문교수,자문역,010-6723-1956,장흥도,C조,교육,(파견)PT.KP 소결전기SV,재무실장,POSCO-PMPC(마닐라)법인장
김지은,모레,전기전자마케팅실 냉연판매그룹,전문컨설턴트,제철소부소장,010-2345-6837,불산,D조,반차,(파견)[연구]고로 공정기술/수소환원,유럽사무소장,POSCO-PWPC(폴란드)법인장
마선홍,어제,전기전자마케팅실 냉연판매그룹 냉연내수섹션,인턴사원,제철소장,010-3457-2443,중국,A조,출장,(파견)인니 PT-KP제강,PosACT연구PJT팀장,POSCO-RU(러시아)법인장
김대섭,오늘,전기전자마케팅실 냉연판매그룹 냉연수출1섹션,대표이사,주임,010-3578-4564,길림,B조,파견,(파견)후판 재료설계 신모델 개발(동관 19층),홍보위원,POSCO-SouthAsia(태국)대표법인장
송순영,내일,전기전자마케팅실 냉연판매그룹 냉연수출2섹션,사장,주임급,010-2222-1160,심양,C조,육아휴직,(포)선재 수주업무(동관 20층),포항제철소 안전설비담당 부소장,POSCO-TCS(태국)법인장
김량균,모레,전기전자마케팅실 전기강판판매그룹,비상무이사,주임대우,010-1234-1160,소주,D조,예비군훈련,(포)열연(동관20층),엔지니어링솔루션실장,POSCO-TNPC(터키)법인장
이왕하,어제,전기전자마케팅실 전기강판판매그룹 GO판매섹션,사외이사,추진단장,010-3321-1283,천진,A조,민방위,(포)후판 열처리업무 총괄,기술투자본부 기술위원 고로개수PJT팀장,POSCO-Vietnam(베트남)법인장
추정호,오늘,전기전자마케팅실 전기강판판매그룹 NO판매섹션,팀원,추진반장,010-1234-1283,우후,B조,안식월,(포항)공로출하 및 제품재고관리,포항제철소 압연담당 부소장,POSCO-VST(베트남)법인장
박인석,내일,전기전자마케팅실 전기전자솔루션그룹,협력사,추진반장(기술위원),010-6271-4730,연태,C조,휴무,(포항TSC)경북/경남/STS&선재제품 고객만족관리,철강사업전략실장,PT. POSCO-Indonesia Inti(인도네시아)대표법인장
김기현,모레,전기전자마케팅실 전기전자솔루션그룹 고객서비스섹션,반원,추진반장(연구위원),010-333-1283,슬로베니아,D조,연차,(프로젝트) 철강사업본부 프로젝트/자동차(동관18층),HR경영실장,VPS(베트남)법인장
임인혁,어제,전기전자마케팅실 전기전자솔루션그룹 광양TSC,촉탁직,팀장,010-3245-6320,자카르타,A조,교육,2 EGL OJT,투자엔지니어링실장,광동순덕포항강판유한공사(중국)법인장
김동헌,오늘,전기전자마케팅실 전기전자솔루션그룹 냉연가전섹션,단장,팀장(기술위원),010-2347-1283,인도,B조,반차,1.2.4 CPL 설비관리,철강생산본부 기술위원,광동포항기차판유한공사(중국)법인장
이희정,내일,전기전자마케팅실 전기전자솔루션그룹 전기강판섹션,부단장,팀장(마케팅위원),010-5672-1373,푸네,C조,출장,1.2소결 조업지원3반,GPS제강PJT팀장,장가항포항불수강유한공사(중국)법인장
윤재기,모레,정도경영실,시니어매니저,팀장(연구위원),010-2378-1036,이탈리아,D조,파견,1.3소결기계파트/정비총괄,용강비정질PJT팀장,중경포항중강기차판유한공사(중국)법인장
손병락,어제,정도경영실 감사1그룹,주니어매니저,파트장,010-6723-1957,일본,A조,육아휴직,1.3소결전기정비,고Mn강특화솔루션PJT팀장,청도포항불수강유한공사(중국)법인장
김도한,오늘,정도경영실 감사1그룹 서울감사1섹션,G1,파트장(통합),010-2345-6838,말레이시아,B조,예비군훈련,1.3정정 야드 및 물류관리,ER실장,MYANMAR-POSCO(미얀마)법인장
백현택,내일,정도경영실 감사1그룹 서울감사2섹션,G2,파트장급,010-3457-2444,멕시코,C조,민방위,1.4전강 자구설비(전기),철강사업본부 연구위원,POSCO ASSAN TST(터키)법인장
성중배,모레,정도경영실 감사1그룹 서울감사3섹션,G3,파트장대우,010-3578-4565,태국,D조,안식월,1.4제강/강편/선재관제지시(A조),GigaSteel상용화추진반장,POSCO Japan PC(일본)법인장
이순종,어제,정도경영실 감사2그룹,G4,홍보위원,010-2222-1161,터키,A조,휴무,1.4후판 전기,기술연구원장,POSCO SS VINA(베트남)법인장
배근상,오늘,정도경영실 감사2그룹 포항감사1섹션,G6,회장보좌역,010-1234-1161,호치민,B조,연차,1.4후판전단기계파트장,경영전략실장,POSCO Thainox(태국)법인장
심재안,내일,정도경영실 감사2그룹 포항감사2섹션,Associate,Chief PCP,010-3321-1284,베트남,C조,교육,11MN UTM 강구조물 인장/휨/압축시험,홍보실장,POSCO Vietnam Holdings(베트남)대표법인장
옥광배,모레,정도경영실 감사3그룹,비상임감사,IP PJT 리더,010-1234-1284,인도네시아,D조,반차,2코크스업무 총괄 및 비젼제시,철강솔루션마케팅실장,POSCO Vietnam Holdings(베트남)부법인장
한승기,어제,정도경영실 감사3그룹 광양감사1섹션,비상임이사,Junior PCP,010-6271-4731,서울,A조,출장,2후판 검판 치수검사,설비자재구매실장,POSCO-AAPC(알라바마)법인장
전동채,오늘,정도경영실 감사3그룹 광양감사2섹션,16급,PCE,010-333-1284,포항,B조,파견,2후판 압연,국내사업관리실장,POSCO-Africa(남아공)법인장
문예은,내일,정도경영실 감사기획그룹,17급,PCP,010-3245-6321,광양,C조,육아휴직,2후판 압연 전기정비,스테인리스마케팅실장,POSCO-America(미국)대표법인장
정해근,모레,정도경영실 감사기획그룹 감사기획섹션,18급,Senior PCE,010-2347-1284,미국,D조,예비군훈련,2후판 압연기계정비,노무외주실장,POSCO-Asia(홍콩)법인장
조광래,어제,정도경영실 감사기획그룹 재무감사섹션,19급,Senior PCP,010-5672-1374,터키,A조,민방위,2후판 압연파트/압연반,기술경영실장,POSCO-Australia(호주)법인장
양상일,오늘,정도경영실 윤리경영사무국,20급,공장장,010-2378-1037,홍콩,B조,안식월,2후판공장 설비점검반,법무실장,POSCO-Canada(캐나다)법인장
이준영,내일,정도경영실 윤리경영사무국 공정거래섹션,21급,국장,010-6723-1958,호주,C조,휴무,2후판공장 전단전기,포항제철소장,POSCO-China(중국)대표법인장
손성제,모레,정도경영실 윤리경영사무국 기업윤리섹션,22급,그룹장,010-2345-6839,캐나다,D조,연차,2후판공장/설비점검반,PT.KRAKATAU POSCO 법인장,POSCO-China(중국)부법인장
최종호,어제,정도경영실 정도경영실 감사1그룹 서울감사1섹션,강사,대표법인장,010-3457-2445,중경,A조,교육,2후판기계정비,인니법인장,POSCO-CSPC(소주)법인장
정병곤,오늘,정도경영실 정도경영실 감사1그룹 서울감사2섹션,교감,대표이사 회장,010-3578-4566,성도,B조,반차,2후판압연 기계정비,광양제철소장,POSCO-ESDC(슬로베니아)법인장
신은희,내일,정도경영실 정도경영실 감사1그룹 서울감사3섹션,교사,리더,010-2222-1162,장흥도,C조,출장,2후판압연 전기정비,경영지원본부장,POSCO-India(인도)대표법인장
이경홍,모레,정보기획실 글로벌프로세스운영그룹,교장,반장,010-1234-1162,불산,D조,파견,2후판압연파트/압연반,기술투자본부장,POSCO-ITPC(이탈리아)법인장
이명락,어제,정보기획실 글로벌프로세스운영그룹 Integration섹션,RA,법무위원,010-3321-1285,중국,A조,육아휴직,2후판정정물류관리,철강생산본부장,POSCO-Japan(일본)대표법인장
박종태,오늘,정보기획실 글로벌프로세스운영그룹 데이터표준섹션,계약,법인장,010-1234-1285,길림,B조,예비군훈련,2후판정정물류관리 및 냉간교정작업,철강부문장,POSCO-Maharashtra(인도)법인장
류재찬,내일,정보기획실 정보기획그룹,계약직엔지니어,본부장,010-6271-4732,심양,C조,민방위,2후판제품 정정주임,철강사업본부장,POSCO-Malaysia(말레이시아)법인장
이규민,모레,정보기획실 정보기획그룹 IT기획섹션,계약직연구원,부공장장,010-333-1285,소주,D조,안식월,2후판제품 정정파트/정정주임,가치경영센터장,POSCO-MESDC(멕시코)법인장
조기호,어제,정보기획실 정보기획그룹 IT서비스섹션,명예연구원,부리더,010-3245-6322,천진,A조,휴무,3 FINEX  유동 & HCI,CEO,POSCO-Mexico(멕시코)법인장
류용규,오늘,정보기획실 정보보호그룹,위촉직,부문장,010-2347-1285,우후,B조,연차,3 FINEX HCI 기계정비,선강담당 부소장,POSCO-MKPC(쿠알라룸푸르)법인장
장승재,내일,중경중강고강냉연판재유한공사(중국),자문,부법인장,010-5672-1375,연태,C조,교육,3 HCL,선재제어냉각PJT팀장,POSCO-MPPC(멕시코)법인장
고열규,모레,중경포항중강기차판유한공사(중국),초빙,부장,010-2378-1038,슬로베니아,D조,반차,3 M/C 연속 주조작업,CSP 조업담당 임원,POSCO-PMPC(마닐라)법인장
이영욱,어제,중월포항(진황도)마구철공업유한공사(중국),겸직 기술원,부장대우,010-6723-1959,자카르타,A조,출장,3ACL,행정담당 부소장,POSCO-PWPC(폴란드)법인장
신태호,오늘,철강사업본부 프로젝트,겸직기술원,비상임고문,010-2345-6840,인도,B조,파견,3ACSS,POIST실용화추진반장,POSCO-RU(러시아)법인장
여민복,내일,철강사업본부 프로젝트 고Mn강특화솔루션PJT팀(150401-171231),겸직연구원,사무소장,010-3457-2446,푸네,C조,육아휴직,3APL,주문외제품ValueUp-PJT팀장,POSCO-SouthAsia(태국)대표법인장
주소연,모레,철강사업본부 프로젝트 제품홍보PJT팀(160201-171231),겸직행정원,사외이사,010-3578-4567,이탈리아,D조,예비군훈련,3APL 기계정비,자동차소재마케팅실장,POSCO-TCS(태국)법인장
김성기,어제,철강사업본부 프로젝트 주문외제품ValueUp-PJT팀(160321-170825),관리이사,상임이사,010-2222-1163,일본,A조,민방위,3APL 기계정비직(나의안전짝꿍:이완락 부총괄),HR혁신실장,POSCO-TNPC(터키)법인장
정천영,오늘,철강사업전략실,비상임B,센터장,010-1234-1163,말레이시아,B조,안식월,3APL 운전,정도경영실장,POSCO-Vietnam(베트남)법인장
박기용,내일,철강사업전략실 마케팅전략그룹,이사,실장,010-3321-1286,멕시코,C조,휴무,3APL 입측 종합운전,법무실 법무위원,POSCO-VST(베트남)법인장
한상홍,모레,철강사업전략실 마케팅전략그룹 시장분석섹션,L13,안전파트장,010-1234-1286,태국,D조,연차,3CAL  입측운전,STS담당 부소장,PT. POSCO-Indonesia Inti(인도네시아)대표법인장
최영준,어제,철강사업전략실 마케팅전략그룹 시장전략1섹션,L14,연구소장,010-6271-4733,터키,A조,교육,3CAL All Round Play.,광양제철소 행정담당 부소장,VPS(베트남)법인장
권영완,오늘,철강사업전략실 마케팅전략그룹 시장전략2섹션,L15,연구원장,010-333-1286,호치민,B조,반차,3CAL 검사판정,HiFAME연구PJT팀장,광동순덕포항강판유한공사(중국)법인장
조영준,내일,철강사업전략실 무역통상그룹,L16,일반,010-3245-6323,베트남,C조,출장,3CAL 입측,정보기획실장,광동포항기차판유한공사(중국)법인장
박성모,모레,철강사업전략실 무역통상그룹 무역통상1섹션,L17,자문교수,010-2347-1286,인도네시아,D조,파견,3CAL 중앙,PT.KRAKATAU POSCO 생산본부장,장가항포항불수강유한공사(중국)법인장
정하영,어제,철강사업전략실 무역통상그룹 무역통상2섹션,L18,자문역,010-5672-1376,서울,A조,육아휴직,3CAL운전,글로벌마케팅조정실장,중경포항중강기차판유한공사(중국)법인장
우영목,오늘,철강사업전략실 재무지원팀(170206-171231),감독,제철소부소장,010-2378-1039,포항,B조,예비군훈련,3CGL 엔지니어 (기술/품질/수익성),전기전자마케팅실장,청도포항불수강유한공사(중국)법인장
정종렬,내일,철강사업전략실 철강사업지원그룹,보세사,제철소장,010-6723-1960,광양,C조,민방위,3COKE전기정비,해외사업관리실장,MYANMAR-POSCO(미얀마)법인장
권오열,모레,철강사업전략실 철강사업지원그룹 고객지원섹션,부소장,주임,010-2345-6841,미국,D조,안식월,3DNL,신사업실장,POSCO ASSAN TST(터키)법인장
이상임,어제,철강사업전략실 철강사업지원그룹 마케팅지원섹션,소장,주임급,010-3457-2447,터키,A조,휴무,3DNL 탈탄침질,에너지조선마케팅실장,POSCO Japan PC(일본)법인장
민경민,오늘,철강사업전략실 해외사업운영그룹,총괄감독,주임대우,010-3578-4568,홍콩,B조,연차,3DNL주임,포항연구소장,POSCO SS VINA(베트남)법인장
이동현,내일,철강사업전략실 해외사업운영그룹 해외법인운영1섹션,Chief PCP,추진단장,010-2222-1164,호주,C조,교육,2DRL Main▶설비점검(170202),포항제철소 선강담당 부소장,POSCO Thainox(태국)법인장
곽철한,모레,철강사업전략실 해외사업운영그룹 해외법인운영2섹션,Junior PCP,추진반장,010-1234-1164,캐나다,D조,반차,2FINEX  2유동파트 유동3반 기계정비,광양제철소 압연담당 부소장,POSCO Vietnam Holdings(베트남)대표법인장
손성국,어제,철강생산본부 프로젝트,PCE,추진반장(기술위원),010-3321-1287,중경,A조,출장,3FINEX HCI 공정내 함철부산물 재활용 기술개발 TFT,안전생산전략실장,POSCO Vietnam Holdings(베트남)부법인장
박강식,오늘,철강생산본부 프로젝트 GPS제강PJT팀(141001-171231),Senior PCE,추진반장(연구위원),010-1234-1287,성도,B조,파견,3FINEX HCI 정비,열연설비성능혁신PJT팀장,POSCO-AAPC(알라바마)법인장
조학영,내일,철강생산본부 프로젝트 PosMAZIC연구PJT팀(150202-171231),공장장,팀장,010-6271-4734,장흥도,C조,육아휴직,3FINEX 공정안전관리(PSM),광양제철소 설비담당 부소장,POSCO-Africa(남아공)법인장
유훈,모레,철강생산본부 프로젝트 선재제어냉각PJT팀(160321-171231),국장,팀장(기술위원),010-333-1287,불산,D조,예비군훈련,3FINEX 기계정비(성형탄 설비),PosMAZIC연구PJT팀장,POSCO-America(미국)대표법인장
박희선,어제,철강생산본부 프로젝트 열연설비성능혁신PJT팀(170316-171231),대표이사 회장,팀장(마케팅위원),010-3245-6324,중국,A조,민방위,3FINEX 성형탄 Tower,광양연구소장,POSCO-Asia(홍콩)법인장
육준석,오늘,철강생산본부근무,리더대우,팀장(연구위원),010-2347-1287,길림,B조,안식월,3FINEX 용융로 전기파트/전기정비 (안전짝꿍:이은철),선재마케팅실장,POSCO-Australia(호주)법인장
남민우,내일,철강솔루션마케팅실,반장,파트장,010-5672-1377,심양,C조,휴무,3FINEX 원료 기계정비,광양제철소 SNG사업추진반장,POSCO-Canada(캐나다)법인장
김판수,모레,철강솔루션마케팅실 구조연구그룹,법인장,파트장(통합),010-2378-1040,소주,D조,연차,2FINEX조로파트/2반주임(주임커뮤니티사무국장),원료18실장,POSCO-China(중국)대표법인장
윤석도,어제,철강솔루션마케팅실 성능연구그룹,부공장장,파트장급,010-6723-1961,천진,A조,교육,3HCL,원료19실장,POSCO-China(중국)부법인장
박규열,오늘,철강솔루션마케팅실 성형연구그룹,부리더,파트장대우,010-2345-6842,우후,B조,반차,3LF,재무실장,POSCO-CSPC(소주)법인장
왕승교,내일,철강솔루션마케팅실 솔루션기획그룹,부사장(사내이사),홍보위원,010-3457-2448,연태,C조,출장,2M/C 4Strand,유럽사무소장,POSCO-ESDC(슬로베니아)법인장
신미라,모레,철강솔루션마케팅실 솔루션기획그룹 솔루션운영섹션,부장(포스코명장),회장보좌역,010-3578-4569,슬로베니아,D조,파견,2M/C 4Str&#40; 주조직,PosACT연구PJT팀장,POSCO-India(인도)대표법인장
송창호,어제,철강솔루션마케팅실 솔루션기획그룹 솔루션전략섹션,부장대우,Chief PCP,010-2222-1165,자카르타,A조,육아휴직,3MC 기계 Supervisor,홍보위원,POSCO-ITPC(이탈리아)법인장
박금영,오늘,철강솔루션마케팅실 연구인프라섹션,사무소장,IP PJT 리더,010-1234-1165,인도,B조,예비군훈련,3PCM Pickling Line 기계 (나의 안전 짝궁 : 노종근 선배님),포항제철소 안전설비담당 부소장,POSCO-Japan(일본)대표법인장
최양교,내일,철강솔루션마케팅실 접합연구그룹,상무보,Junior PCP,010-3321-1288,푸네,C조,민방위,3PCM 산세입측설비/나의 안전 짝궁: 전영춘부총괄님,엔지니어링솔루션실장,POSCO-Maharashtra(인도)법인장
이충희,모레,철강솔루션마케팅실 품질보증그룹,센터장,PCE,010-1234-1288,이탈리아,D조,안식월,3PCM 압연기술개발,기술투자본부 기술위원 고로개수PJT팀장,POSCO-Malaysia(말레이시아)법인장
이경희,어제,철강솔루션마케팅실 품질보증그룹 품질보증시스템섹션,실장,PCP,010-6271-4735,일본,A조,휴무,3PCM 전기정비/안전짝꿍 남기하 총괄,포항제철소 압연담당 부소장,POSCO-MESDC(멕시코)법인장
박용민,오늘,철강솔루션마케팅실 품질보증그룹 품질인증섹션,연구원,Senior PCE,010-333-1288,말레이시아,B조,연차,3RH,철강사업전략실장,POSCO-Mexico(멕시코)법인장
조규원,내일,철강솔루션마케팅실 품질설계1그룹,연구위원보,Senior PCP,010-3245-6325,멕시코,C조,교육,3RH & LF,HR경영실장,POSCO-MKPC(쿠알라룸푸르)법인장
이의선,모레,철강솔루션마케팅실 품질설계1그룹 STS냉연설계섹션,전문연구원,공장장,010-2347-1288,태국,D조,반차,3RH&LF,투자엔지니어링실장,POSCO-MPPC(멕시코)법인장
성명제,어제,철강솔루션마케팅실 품질설계1그룹 STS열연설계섹션,추진반장,국장,010-5672-1378,터키,A조,출장,3RH/노경협의회,철강생산본부 기술위원,POSCO-PMPC(마닐라)법인장
이상군,오늘,철강솔루션마케팅실 품질설계1그룹 선재설계섹션,팀장,그룹장,010-2378-1041,호치민,B조,파견,3cal,GPS제강PJT팀장,POSCO-PWPC(폴란드)법인장
권용훈,내일,철강솔루션마케팅실 품질설계1그룹 열연설계섹션,팀리더,대표법인장,010-6723-1962,베트남,C조,육아휴직,3고로 기술원,용강비정질PJT팀장,POSCO-RU(러시아)법인장
권태호,모레,철강솔루션마케팅실 품질설계1그룹 후판설계섹션,사업부장,대표이사 회장,010-2345-6843,인도네시아,D조,예비군훈련,3고로 노전파트 / 출선업무,고Mn강특화솔루션PJT팀장,POSCO-SouthAsia(태국)대표법인장
장명표,어제,철강솔루션마케팅실 품질설계2그룹,영업,리더,010-3457-2449,서울,A조,민방위,3고로 운전및 노황관리 (나의 안전짝궁은 강석진 대리님 입니다),ER실장,POSCO-TCS(태국)법인장
최영광,오늘,철강솔루션마케팅실 품질설계2그룹 냉연전기강판설계섹션,조장,반장,010-3578-4570,포항,B조,안식월,3고로 전기파트장,철강사업본부 연구위원,POSCO-TNPC(터키)법인장
김진원,내일,철강솔루션마케팅실 품질설계2그룹 자동차강판개발섹션,주재원,법무위원,010-2222-1166,광양,C조,휴무,3고로 조로반 pci 설비관리,GigaSteel상용화추진반장,POSCO-Vietnam(베트남)법인장
신민철,모레,철강솔루션마케팅실 품질설계2그룹 자동차강판설계섹션,지역총괄,법인장,010-1234-1166,미국,D조,연차,3고로 조업관리,기술연구원장,POSCO-VST(베트남)법인장
김동석,어제,철강솔루션마케팅실 품질설계2그룹 표면처리설계섹션,파트장,본부장,010-3321-1289,터키,A조,교육,3고로 조업관리 업무,경영전략실장,PT. POSCO-Indonesia Inti(인도네시아)대표법인장
박은정,오늘,청도포항불수강유한공사(중국),SM,부공장장,010-1234-1289,홍콩,B조,반차,3고로기계파트장(안전짝꿍 이형구 님),홍보실장,VPS(베트남)법인장
이현준,내일,퇴직영구계정,그룹원,부리더,010-6271-4736,호주,C조,출장,3공장 FINEX직,철강솔루션마케팅실장,광동순덕포항강판유한공사(중국)법인장
이국형,모레,투자엔지니어링실,PM,부문장,010-333-1289,캐나다,D조,파견,3공장 원료 설비 점검,설비자재구매실장,광동포항기차판유한공사(중국)법인장
구진모,어제,투자엔지니어링실 PosMC기술개발추진반(160201-171231),주임직무대행,부법인장,010-3245-6326,중경,A조,육아휴직,3공정 선탄반,국내사업관리실장,장가항포항불수강유한공사(중국)법인장
설재우,오늘,투자엔지니어링실 고로개수PJT팀(140801-171231),PJT전문직,부장,010-2347-1289,성도,B조,예비군훈련,3공정 선탄파트/선탄반,스테인리스마케팅실장,중경포항중강기차판유한공사(중국)법인장
박종안,내일,투자엔지니어링실 광양자동차강판PJT팀(160201-171231),상임감사,부장대우,010-5672-1379,장흥도,C조,민방위,3공정 선탄파트/야드반/Reclaimer운전,노무외주실장,청도포항불수강유한공사(중국)법인장
현동석,모레,투자엔지니어링실 엔지니어링기술그룹,실원,비상임고문,010-2378-1042,불산,D조,안식월,3공정 통합관리,기술경영실장,MYANMAR-POSCO(미얀마)법인장
최영훈,어제,투자엔지니어링실 엔지니어링기술그룹 공사설계섹션,IP PJT 리더,사무소장,010-6723-1963,중국,A조,휴무,3기 OVEN Part,법무실장,POSCO ASSAN TST(터키)법인장
한재국,오늘,투자엔지니어링실 엔지니어링기술그룹 설계기술섹션,대표법인장,사외이사,010-2345-6844,길림,B조,연차,3기오븐 이동기기 관리,포항제철소장,POSCO Japan PC(일본)법인장
정재우,내일,투자엔지니어링실 엔지니어링기술그룹 프로세스기술섹션,법무위원,상임이사,010-3457-2450,심양,C조,교육,2냉연 #3EGL 제품출하업무,PT.KRAKATAU POSCO 법인장,POSCO SS VINA(베트남)법인장
현창우,모레,투자엔지니어링실 엔지니어링기획그룹,부문장,센터장,010-3578-4571,소주,D조,반차,2냉연 #3PCM 전기정비,인니법인장,POSCO Thainox(태국)법인장
위인환,어제,투자엔지니어링실 엔지니어링기획그룹 냉연도금섹션,부법인장,실장,010-2222-1167,천진,A조,출장,2냉연 3PCM PL CENTER,광양제철소장,POSCO Vietnam Holdings(베트남)대표법인장
송종찬,오늘,투자엔지니어링실 엔지니어링기획그룹 제강열연섹션,상임이사,안전파트장,010-1234-1167,우후,B조,파견,2냉연 4CAL,경영지원본부장,POSCO Vietnam Holdings(베트남)부법인장
경재선,내일,투자엔지니어링실 엔지니어링기획그룹 제선인프라섹션,안전파트장,연구소장,010-3321-1290,연태,C조,육아휴직,2냉연 3CAL 기계정비 파트장(2냉연 S/C 3층),기술투자본부장,POSCO-AAPC(알라바마)법인장
최주영,모레,투자엔지니어링실 인프라엔지니어링그룹,연구소장,연구원장,010-1234-1290,슬로베니아,D조,예비군훈련,2냉연 4CAL 입측 기계정비 / 안전짝꿍♡정인균 선배님,철강생산본부장,POSCO-Africa(남아공)법인장
이용식,어제,투자엔지니어링실 인프라엔지니어링그룹 광양공사섹션,연구원장,일반,010-6271-4737,자카르타,A조,민방위,2냉연 4CAL 전기 정비 파트,철강부문장,POSCO-America(미국)대표법인장
신재훈,오늘,투자엔지니어링실 인프라엔지니어링그룹 인프라EIC섹션,제철소부소장,자문교수,010-333-1290,인도,B조,안식월,3냉연 AHSS 조업기술 완성,철강사업본부장,POSCO-Asia(홍콩)법인장
배문숙,내일,투자엔지니어링실 인프라엔지니어링그룹 포항공사섹션,제철소장,자문역,010-3245-6327,푸네,C조,휴무,3냉연 CAL,가치경영센터장,POSCO-Australia(호주)법인장
최흥태,모레,투자엔지니어링실 철강엔지니어링그룹,주임급,제철소부소장,010-2347-1290,이탈리아,D조,연차,2냉연 CAL 및 CR제품 (냉연부 S/C 3층),CEO,POSCO-Canada(캐나다)법인장
한상헌,어제,투자엔지니어링실 철강엔지니어링그룹 냉연섹션,주임대우,제철소장,010-5672-1380,일본,A조,교육,3냉연 PCM 기계정비/안전짝궁 강덕운,선강담당 부소장,POSCO-China(중국)대표법인장
차우열,오늘,투자엔지니어링실 철강엔지니어링그룹 열연섹션,추진단장,주임,010-2378-1043,말레이시아,B조,반차,3냉연 설비기동 점검,선재제어냉각PJT팀장,POSCO-China(중국)부법인장
김진근,내일,투자엔지니어링실 철강엔지니어링그룹 제강섹션,파트장급,주임급,010-6723-1964,멕시코,C조,출장,3냉연 압연,CSP 조업담당 임원,POSCO-CSPC(소주)법인장
박정섭,모레,투자엔지니어링실 철강엔지니어링그룹 제선섹션,파트장대우,주임대우,010-2345-6845,태국,D조,파견,3냉연 전기정비직/나의 안전 짝꿍(김태규),행정담당 부소장,POSCO-ESDC(슬로베니아)법인장
권태욱,어제,파이벡스,홍보위원,추진단장,010-3457-2451,터키,A조,육아휴직,3냉연 출하담당,POIST실용화추진반장,POSCO-India(인도)대표법인장
장광익,오늘,포스코 생산관제센터,회장보좌역,추진반장,010-3578-4572,호치민,B조,예비군훈련,2냉연4CAL전기정비파트,주문외제품ValueUp-PJT팀장,POSCO-ITPC(이탈리아)법인장
고대권,내일,포스코ICT,간호사,추진반장(기술위원),010-2222-1168,베트남,C조,민방위,2냉연3CAL전기정비파트/2냉연4CAL전기정비파트장,자동차소재마케팅실장,POSCO-Japan(일본)대표법인장
김원섭,모레,포스코ICT EP운영팀,리더직무대행,추진반장(연구위원),010-1234-1168,인도네시아,D조,안식월,2냉연4CAL전기정비파트/CSL담당,HR혁신실장,POSCO-Maharashtra(인도)법인장
황윤식,어제,포스코ICT 데이타센타팀,마스터,팀장,010-3321-1291,서울,A조,휴무,3냉연PCM전기-TCM/나의안전 짝궁 김헌제 주무,정도경영실장,POSCO-Malaysia(말레이시아)법인장
하성호,오늘,포스코강판,본부장대행,팀장(기술위원),010-1234-1291,포항,B조,연차,3냉연공장 품질관리,법무실 법무위원,POSCO-MESDC(멕시코)법인장
남영모,내일,포스코건설,전문임원,팀장(마케팅위원),010-6271-4738,광양,C조,교육,3냉연물류진행업무(안전짝꿍:유종호),STS담당 부소장,POSCO-Mexico(멕시코)법인장
강모경,모레,포스코대우,그룹장대우,팀장(연구위원),010-333-1291,미국,D조,반차,3냉연압연전기파트장,광양제철소 행정담당 부소장,POSCO-MKPC(쿠알라룸푸르)법인장
이영재,어제,포스코인재창조원,비상근이사,파트장,010-3245-6328,터키,A조,출장,2도금 도금3반 파트장 조업관리 총괄,HiFAME연구PJT팀장,POSCO-MPPC(멕시코)법인장
정현희,오늘,포스코창조경제추진단,사무직사원,파트장(통합),010-2347-1291,홍콩,B조,파견,3도금 산세도금반  파트장 (라인 총괄업무),정보기획실장,POSCO-PMPC(마닐라)법인장
심재원,내일,포스코창조경제추진단 광양센터,월촉탁,파트장급,010-5672-1381,호주,C조,육아휴직,3도금 파트[안전],PT.KRAKATAU POSCO 생산본부장,POSCO-PWPC(폴란드)법인장
김하경,모레,포스코창조경제추진단 포항센터,총괄파트장,파트장대우,010-2378-1044,캐나다,D조,예비군훈련,3도금 환경.에너지 외주.EAM,글로벌마케팅조정실장,POSCO-RU(러시아)법인장
김재상,어제,포항연구소 STS연구그룹,전문과장,홍보위원,010-6723-1965,중경,A조,민방위,3도금공장 검사반 업무총괄,전기전자마케팅실장,POSCO-SouthAsia(태국)대표법인장
김윤현,오늘,포항연구소 강재1연구그룹,전문차장,회장보좌역,010-2345-6846,성도,B조,안식월,2도금공장(4CGL B조 주임),해외사업관리실장,POSCO-TCS(태국)법인장
황재관,내일,포항연구소 강재2연구그룹,직책과장,Chief PCP,010-3457-2452,장흥도,C조,휴무,3반,신사업실장,POSCO-TNPC(터키)법인장
이강원,모레,포항연구소 제강연구그룹,기술연구소장,IP PJT 리더,010-3578-4573,불산,D조,연차,3반파트 출선업무,에너지조선마케팅실장,POSCO-Vietnam(베트남)법인장
이긍수,어제,포항연구소 제선연구그룹,센터원,Junior PCP,010-2222-1169,중국,A조,교육,3선재 공장 기술원,포항연구소장,POSCO-VST(베트남)법인장
권경일,오늘,포항연구소 포항연구인프라그룹,경영지원실장,PCE,010-1234-1169,길림,B조,반차,3선재 압연,포항제철소 선강담당 부소장,PT. POSCO-Indonesia Inti(인도네시아)대표법인장
윤상하,내일,포항연구인프라그룹 공정시험섹션,스틸앤건축사업실장,PCP,010-3321-1292,심양,C조,출장,3소결 담당,광양제철소 압연담당 부소장,VPS(베트남)법인장
임선규,모레,포항연구인프라그룹 제품시험섹션,담당임원,Senior PCE,010-1234-1292,소주,D조,파견,3소둔,안전생산전략실장,광동순덕포항강판유한공사(중국)법인장
최보인,어제,포항연구인프라그룹 포항공통시험섹션,대표이사사장,Senior PCP,010-6271-4739,천진,A조,육아휴직,3소둔 주임,열연설비성능혁신PJT팀장,광동포항기차판유한공사(중국)법인장
안철오,오늘,포항특수용접봉,감사,공장장,010-333-1292,우후,B조,예비군훈련,3소둔 파트 업무 총괄,광양제철소 설비담당 부소장,장가항포항불수강유한공사(중국)법인장
최혜양,내일,해외사업관리실 철강전략그룹,주임직무대리,국장,010-3245-6329,연태,C조,민방위,2연속소둔파트/3APL 입측운전(나의안전짝꿍은 김종연사원),PosMAZIC연구PJT팀장,중경포항중강기차판유한공사(중국)법인장
김칠열,모레,해외사업관리실 해외사업1그룹,촉탁직원,그룹장,010-2347-1292,슬로베니아,D조,안식월,2연속소둔파트/연속소둔3반(나의 안전짝꿍: 박재호과장),광양연구소장,청도포항불수강유한공사(중국)법인장
이상구,어제,해외사업관리실 해외사업2그룹,파트장직무대리,대표법인장,010-5672-1382,자카르타,A조,휴무,2연속소둔파트/연속소둔3반(나의안전짝궁: 장옥철 대리),선재마케팅실장,MYANMAR-POSCO(미얀마)법인장
양성훈,오늘,홍보실,PL,대표이사 회장,010-2378-1045,인도,B조,연차,2연속소둔파트/연속소둔3반] 중앙운전 (나의안전짝꿍: 이종기과장,광양제철소 SNG사업추진반장,POSCO ASSAN TST(터키)법인장
진선윤,내일,홍보실 홍보그룹,SL,리더,010-6723-1966,푸네,C조,교육,2연속소둔파트/연속소둔3반] 출측운전 (나의안전짝꿍 윤민호),원료20실장,POSCO Japan PC(일본)법인장
배재탁,모레,홍보실 홍보그룹 홍보1섹션,리더직무대리,반장,010-2345-6847,이탈리아,D조,반차,2연속소둔파트/연속소둔3반] 프로세스운전 (나의안전짝꿍: 권영관과장님,원료21실장,POSCO SS VINA(베트남)법인장
방기현,어제,홍보실 홍보그룹 홍보2섹션,법인장직무대리,법무위원,010-3457-2453,일본,A조,출장,2연주  3MC 기계정비,재무실장,POSCO Thainox(태국)법인장
홍석표,오늘,홍보실 홍보그룹 홍보3섹션,관리장,법인장,010-3578-4574,말레이시아,B조,파견,2연주 2M/C 기계정비,유럽사무소장,POSCO Vietnam Holdings(베트남)대표법인장
석하룡,내일,홍보실 홍보기획그룹,관장,본부장,010-2222-1170,멕시코,C조,육아휴직,2연주 2M/C 전기,PosACT연구PJT팀장,POSCO Vietnam Holdings(베트남)부법인장
김태준,모레,홍보실 홍보기획그룹 포스코투데이섹션,데미쉐프,부공장장,010-1234-1170,태국,D조,예비군훈련,2연주 2MC 수처리 설비 Main,홍보위원,POSCO-AAPC(알라바마)법인장
진민종,어제,홍보실 홍보기획그룹 홍보기획섹션,부이사장,부리더,010-3321-1293,터키,A조,민방위,2연주 3M/C기계 파트장,포항제철소 안전설비담당 부소장,POSCO-Africa(남아공)법인장
